,start_station_name,start_count,end_count,deficit,popularity
0,1 Ave & E 110 St,2523.0,2522.0,1.0,5045.0
1,1 Ave & E 16 St,6259.0,6288.0,-29.0,12547.0
2,1 Ave & E 18 St,6749.0,6766.0,-17.0,13515.0
3,1 Ave & E 30 St,5189.0,5204.0,-15.0,10393.0
4,1 Ave & E 39 St,7462.0,7511.0,-49.0,14973.0
5,1 Ave & E 44 St,3443.0,3455.0,-12.0,6898.0
6,1 Ave & E 6 St,5879.0,5875.0,4.0,11754.0
7,1 Ave & E 62 St,6937.0,6994.0,-57.0,13931.0
8,1 Ave & E 68 St,9932.0,9971.0,-39.0,19903.0
9,1 Ave & E 94 St,2115.0,2155.0,-40.0,4270.0
10,1 Pl & Clinton St,1775.0,1768.0,7.0,3543.0
11,1 St & 6 Ave,1565.0,1556.0,9.0,3121.0
12,10 Ave & W 14 St,10028.0,10087.0,-59.0,20115.0
13,10 Ave & W 202 St,133.0,140.0,-7.0,273.0
14,10 Ave & W 204 St,66.0,69.0,-3.0,135.0
15,10 Ave & W 207 St,419.0,426.0,-7.0,845.0
16,10 Ave & W 215 St,196.0,194.0,2.0,390.0
17,10 Ave & W 28 St,7375.0,7382.0,-7.0,14757.0
18,10 St & 2 Ave,747.0,740.0,7.0,1487.0
19,10 St & 4 Ave,1498.0,1518.0,-20.0,3016.0
20,10 St & 5 Ave,1530.0,1546.0,-16.0,3076.0
21,10 St & 7 Ave,2674.0,2690.0,-16.0,5364.0
22,11 Ave & Prospect Ave,1258.0,1263.0,-5.0,2521.0
23,11 Ave & W 27 St,7792.0,7823.0,-31.0,15615.0
24,11 Ave & W 41 St,10529.0,10517.0,12.0,21046.0
25,11 Ave & W 59 St,4839.0,4845.0,-6.0,9684.0
26,11 St & 43 Ave,531.0,545.0,-14.0,1076.0
27,11 St & Washington St,1.0,3.0,-2.0,4.0
28,12 Ave & 36 St,379.0,385.0,-6.0,764.0
29,12 Ave & W 125 St,2464.0,2423.0,41.0,4887.0
30,12 Ave & W 40 St,10034.0,10079.0,-45.0,20113.0
31,12 St & 4 Ave,1057.0,1046.0,11.0,2103.0
32,12 St & Sinatra Dr N,3.0,15.0,-12.0,18.0
33,14 St & 5 Ave,1988.0,2003.0,-15.0,3991.0
34,14 St & 7 Ave,2052.0,2064.0,-12.0,4116.0
35,16th St & 4th Ave,659.0,705.0,-46.0,1364.0
36,17 St & 5 Ave,1467.0,1451.0,16.0,2918.0
37,18 St & 27 Ave,1286.0,1314.0,-28.0,2600.0
38,19 St & 24 Ave,1305.0,1334.0,-29.0,2639.0
39,19 St & 8 Ave,345.0,251.0,94.0,596.0
40,2 Av & 37 St,77.0,81.0,-4.0,158.0
41,2 Ave & 32 St,145.0,158.0,-13.0,303.0
42,2 Ave & 36 St,453.0,503.0,-50.0,956.0
43,2 Ave & 39 St,252.0,267.0,-15.0,519.0
44,2 Ave & 43 St,122.0,149.0,-27.0,271.0
45,2 Ave & 44 St,105.0,105.0,0.0,210.0
46,2 Ave & E 104 St,1872.0,1883.0,-11.0,3755.0
47,2 Ave & E 122 St,1687.0,1715.0,-28.0,3402.0
48,2 Ave & E 125 St,1451.0,1489.0,-38.0,2940.0
49,2 Ave & E 29 St,7182.0,7231.0,-49.0,14413.0
50,2 Ave & E 31 St,8387.0,8440.0,-53.0,16827.0
51,2 Ave & E 72 St,5881.0,5928.0,-47.0,11809.0
52,2 Ave & E 96 St,4139.0,4187.0,-48.0,8326.0
53,20 Ave & 21 St,354.0,364.0,-10.0,718.0
54,20 Ave & 38 St,806.0,818.0,-12.0,1624.0
55,20 Ave & 42 St,262.0,272.0,-10.0,534.0
56,20 Ave & 48 St,319.0,320.0,-1.0,639.0
57,20 Ave & Shore Blvd,258.0,263.0,-5.0,521.0
58,21 Ave & 80 St,177.0,176.0,1.0,353.0
59,21 Ave & Crescent St,1335.0,1345.0,-10.0,2680.0
60,21 Ave & Shore Blvd,707.0,721.0,-14.0,1428.0
61,21 St & 21 Ave,896.0,877.0,19.0,1773.0
62,21 St & 23 Ave,741.0,764.0,-23.0,1505.0
63,21 St & 31 Dr,1318.0,1316.0,2.0,2634.0
64,21 St & 36 Ave,638.0,645.0,-7.0,1283.0
65,21 St & 38 Ave,306.0,316.0,-10.0,622.0
66,21 St & 4 Ave,940.0,947.0,-7.0,1887.0
67,21 St & 43 Ave,791.0,809.0,-18.0,1600.0
68,21 St & Hoyt Ave S,1963.0,1957.0,6.0,3920.0
69,21 St & Queens Plaza North,1380.0,1401.0,-21.0,2781.0
70,23 Ave & 27 St,873.0,882.0,-9.0,1755.0
71,23 Rd & 31 St,466.0,479.0,-13.0,945.0
72,23 St & 3 Ave,117.0,120.0,-3.0,237.0
73,23 St & 31 Ave,913.0,921.0,-8.0,1834.0
74,24 Ave & 26 St,888.0,889.0,-1.0,1777.0
75,24 Ave & 29 St,972.0,979.0,-7.0,1951.0
76,24 St & 38 Ave,611.0,623.0,-12.0,1234.0
77,24 St & 41 Ave,1085.0,1061.0,24.0,2146.0
78,24 St & 5 Ave,616.0,618.0,-2.0,1234.0
79,25 Ave & 41 St,1188.0,1192.0,-4.0,2380.0
80,27 Ave & 3 St,628.0,638.0,-10.0,1266.0
81,27 Ave & 9 St,772.0,791.0,-19.0,1563.0
82,27 St & Hunter St,2176.0,2185.0,-9.0,4361.0
83,28 Ave & 35 St,1081.0,1083.0,-2.0,2164.0
84,28 Ave & 44 St,1023.0,991.0,32.0,2014.0
85,28 St & 36 Ave,1139.0,1144.0,-5.0,2283.0
86,28 St & 41 Ave,1900.0,1897.0,3.0,3797.0
87,29 St & 5 Ave,344.0,351.0,-7.0,695.0
88,3 Ave & 14 St,615.0,616.0,-1.0,1231.0
89,3 Ave & 17 St,248.0,250.0,-2.0,498.0
90,3 Ave & Carroll St,1057.0,1080.0,-23.0,2137.0
91,3 Ave & E 100 St,1563.0,1589.0,-26.0,3152.0
92,3 Ave & E 112 St,1100.0,1119.0,-19.0,2219.0
93,3 Ave & E 163 St,666.0,668.0,-2.0,1334.0
94,3 Ave & E 169 St,1400.0,1442.0,-42.0,2842.0
95,3 Ave & E 170 St,1176.0,1206.0,-30.0,2382.0
96,3 Ave & E 172 St,953.0,976.0,-23.0,1929.0
97,3 Ave & E 174 St,588.0,604.0,-16.0,1192.0
98,3 Ave & E 62 St,3436.0,3431.0,5.0,6867.0
99,3 Ave & E 71 St,2126.0,1831.0,295.0,3957.0
100,3 Ave & E 72 St,2508.0,2480.0,28.0,4988.0
101,3 Ave & Franklin Ave,754.0,777.0,-23.0,1531.0
102,3 Ave & Schermerhorn St,2065.0,2069.0,-4.0,4134.0
103,3 Ave & Wakeman Pl,257.0,265.0,-8.0,522.0
104,3 St & 3 Ave,1437.0,1455.0,-18.0,2892.0
105,3 St & 7 Ave,3006.0,3003.0,3.0,6009.0
106,3 St & Hoyt St,1051.0,1047.0,4.0,2098.0
107,3 St & Prospect Park West,3481.0,3496.0,-15.0,6977.0
108,30 Ave & 12 St,554.0,582.0,-28.0,1136.0
109,30 Ave & 21 St,793.0,802.0,-9.0,1595.0
110,30 Ave & 41 St,1328.0,1348.0,-20.0,2676.0
111,30 Ave & 47 St,698.0,704.0,-6.0,1402.0
112,30 St & 4 Ave,393.0,398.0,-5.0,791.0
113,30 St & 48 Ave,258.0,269.0,-11.0,527.0
114,31 Ave & 14 St,931.0,940.0,-9.0,1871.0
115,31 Ave & 30 St,1405.0,1421.0,-16.0,2826.0
116,31 Ave & 34 St,1959.0,1982.0,-23.0,3941.0
117,31 Ave & 57 St,309.0,320.0,-11.0,629.0
118,31 Ave & 61 St,486.0,492.0,-6.0,978.0
119,31 Ave & Crescent St,1326.0,1341.0,-15.0,2667.0
120,31 Ave & Steinway St,1781.0,1791.0,-10.0,3572.0
121,31 Pl & Hunters Point Ave,160.0,168.0,-8.0,328.0
122,31 St & 21 Ave,1016.0,1020.0,-4.0,2036.0
123,31 St & 23 Ave,2503.0,2503.0,0.0,5006.0
124,31 St & Astoria Blvd,1481.0,1505.0,-24.0,2986.0
125,31 St & Broadway,2610.0,2624.0,-14.0,5234.0
126,31 St & Ditmars Blvd,2131.0,2134.0,-3.0,4265.0
127,31 St & Hoyt Ave N,936.0,949.0,-13.0,1885.0
128,31 St & Newtown Ave,2867.0,2880.0,-13.0,5747.0
129,31 St & Northern Blvd,958.0,973.0,-15.0,1931.0
130,31 St & Thomson Ave,799.0,812.0,-13.0,1611.0
131,33 St & 47 Ave,329.0,334.0,-5.0,663.0
132,33 St & Queens Blvd,499.0,501.0,-2.0,1000.0
133,34 Ave & 13 St,428.0,448.0,-20.0,876.0
134,34 Ave & 21 St,658.0,671.0,-13.0,1329.0
135,34 Ave & 31 St,974.0,979.0,-5.0,1953.0
136,34 Ave & 38 St,1813.0,1837.0,-24.0,3650.0
137,34 Ave & 45 St,613.0,631.0,-18.0,1244.0
138,34 Ave & 48 St,677.0,689.0,-12.0,1366.0
139,34 St & 35 Ave,1148.0,1154.0,-6.0,2302.0
140,34 St & 38 Ave,733.0,743.0,-10.0,1476.0
141,34 St & 4 Ave,519.0,562.0,-43.0,1081.0
142,34 St & 48 Ave,212.0,201.0,11.0,413.0
143,34 St & 5 Ave,191.0,194.0,-3.0,385.0
144,34th Ave & Vernon Blvd,1080.0,1096.0,-16.0,2176.0
145,35 Ave & 10 St,949.0,950.0,-1.0,1899.0
146,35 Ave & 37 St,1513.0,1518.0,-5.0,3031.0
147,35 St & 21 Ave,650.0,666.0,-16.0,1316.0
148,35 St & 23 Ave,795.0,785.0,10.0,1580.0
149,35 St & 30 Ave,1356.0,1351.0,5.0,2707.0
150,35 St & 34 Ave,928.0,910.0,18.0,1838.0
151,35 St & Broadway,1400.0,1408.0,-8.0,2808.0
152,36 Ave & 10 St,703.0,708.0,-5.0,1411.0
153,36 Ave & 31 St,1748.0,1753.0,-5.0,3501.0
154,36 St & 3 Ave,702.0,727.0,-25.0,1429.0
155,36 St & 4 Ave,903.0,936.0,-33.0,1839.0
156,36 St & 47 Ave,199.0,190.0,9.0,389.0
157,36 St & Ditmars Blvd,1040.0,1050.0,-10.0,2090.0
158,36 St & Hunters Point Ave,208.0,214.0,-6.0,422.0
159,36 St & Queens Blvd,486.0,435.0,51.0,921.0
160,37 Ave & 35 St,577.0,544.0,33.0,1121.0
161,37 Ave & 63 St,191.0,200.0,-9.0,391.0
162,37 St & 24 Ave,658.0,663.0,-5.0,1321.0
163,38 Ave & 29 St,876.0,871.0,5.0,1747.0
164,38 St & 30 Ave,1910.0,1863.0,47.0,3773.0
165,38 St & Northern Blvd,459.0,452.0,7.0,911.0
166,39 Ave & 45 St,456.0,464.0,-8.0,920.0
167,39 Ave & 54 St,184.0,183.0,1.0,367.0
168,39 Ave & 56 St,288.0,295.0,-7.0,583.0
169,39 Dr & 52 St,503.0,509.0,-6.0,1012.0
170,39 St & 47 Ave,557.0,551.0,6.0,1108.0
171,39 St & 50 Ave,593.0,595.0,-2.0,1188.0
172,39 St & Queens Blvd,774.0,702.0,72.0,1476.0
173,4 Ave & 17 St,723.0,745.0,-22.0,1468.0
174,4 Ave & 26 St,480.0,497.0,-17.0,977.0
175,4 Ave & 3 St,1945.0,1957.0,-12.0,3902.0
176,4 Ave & E 12 St,6770.0,6779.0,-9.0,13549.0
177,4 Ave & Shore Road Dr,425.0,425.0,0.0,850.0
178,4 St & Grand St,1.0,3.0,-2.0,4.0
179,40 Ave & 9 St,562.0,559.0,3.0,1121.0
180,40 Ave & Crescent St,763.0,775.0,-12.0,1538.0
181,40 St & Queens Blvd,1008.0,878.0,130.0,1886.0
182,41 Ave & 67 St,180.0,187.0,-7.0,367.0
183,41 St & 3 Ave,77.0,82.0,-5.0,159.0
184,41 St & 4 Ave,477.0,481.0,-4.0,958.0
185,42 Pl & Northern Blvd,553.0,556.0,-3.0,1109.0
186,43 Ave & 40 St,1157.0,1172.0,-15.0,2329.0
187,43 Ave & 42 St,1099.0,1089.0,10.0,2188.0
188,43 Ave & 47 St,773.0,661.0,112.0,1434.0
189,43 St & 23 Ave,358.0,338.0,20.0,696.0
190,43 St & 35 Ave,460.0,475.0,-15.0,935.0
191,43 St & 37 Ave,247.0,245.0,2.0,492.0
192,43 St & 50 Ave,634.0,621.0,13.0,1255.0
193,43 St & Broadway,998.0,1013.0,-15.0,2011.0
194,43 St & Skillman Ave,892.0,885.0,7.0,1777.0
195,44 Dr & Jackson Ave,3558.0,3539.0,19.0,7097.0
196,44 St & 3 Ave,148.0,174.0,-26.0,322.0
197,44 St & 48 Ave,797.0,631.0,166.0,1428.0
198,44 St & 6 Ave,540.0,446.0,94.0,986.0
199,44 St & Greenpoint Ave,606.0,596.0,10.0,1202.0
200,45 Ave & 21 St,1745.0,1755.0,-10.0,3500.0
201,45 Rd & 11 St,1586.0,1626.0,-40.0,3212.0
202,45 St & 4 Ave,666.0,662.0,4.0,1328.0
203,46 Ave & 5 St,3366.0,3388.0,-22.0,6754.0
204,46 St & 25 Ave,451.0,453.0,-2.0,904.0
205,46 St & 28 Ave,658.0,571.0,87.0,1229.0
206,46 St & 30 Rd,690.0,680.0,10.0,1370.0
207,46 St & 6 Ave,370.0,372.0,-2.0,742.0
208,46 St & 7 Ave,595.0,597.0,-2.0,1192.0
209,46 St & Queens Blvd,1282.0,1040.0,242.0,2322.0
210,47 Ave & 31 St,897.0,897.0,0.0,1794.0
211,47 Ave & 48 St,390.0,370.0,20.0,760.0
212,47 Ave & Skillman Ave,205.0,221.0,-16.0,426.0
213,47 St & 3 Ave,156.0,162.0,-6.0,318.0
214,48 Ave & 37 St,381.0,336.0,45.0,717.0
215,48 Ave & 41 St,748.0,729.0,19.0,1477.0
216,48 Ave & 5 St,1172.0,1184.0,-12.0,2356.0
217,48 St & 2 Ave,76.0,82.0,-6.0,158.0
218,48 St & 37 Ave,845.0,863.0,-18.0,1708.0
219,48 St & 5 Ave,658.0,665.0,-7.0,1323.0
220,48 St & 50 Ave,393.0,368.0,25.0,761.0
221,48 St & Barnett Ave,325.0,323.0,2.0,648.0
222,48 St & Broadway,1124.0,1126.0,-2.0,2250.0
223,48 St & Skillman Ave,749.0,747.0,2.0,1496.0
224,49 Ave & 21 St,1081.0,1062.0,19.0,2143.0
225,49 St & 25 Ave,240.0,188.0,52.0,428.0
226,49 St & 31 Ave,666.0,677.0,-11.0,1343.0
227,5 Av & W 139 St,913.0,925.0,-12.0,1838.0
228,5 Ave & 3 St,2899.0,2902.0,-3.0,5801.0
229,5 Ave & 37 St,327.0,334.0,-7.0,661.0
230,5 Ave & 41 St,856.0,867.0,-11.0,1723.0
231,5 Ave & 66 St,401.0,398.0,3.0,799.0
232,5 Ave & E 103 St,3990.0,4022.0,-32.0,8012.0
233,5 Ave & E 135 St,751.0,745.0,6.0,1496.0
234,5 Ave & E 29 St,5147.0,5144.0,3.0,10291.0
235,5 Ave & E 63 St,2994.0,3004.0,-10.0,5998.0
236,5 Ave & E 72 St,6357.0,6432.0,-75.0,12789.0
237,5 Ave & E 78 St,4840.0,4900.0,-60.0,9740.0
238,5 Ave & E 87 St,6663.0,6728.0,-65.0,13391.0
239,5 Ave & E 93 St,4494.0,4496.0,-2.0,8990.0
240,5 Ave & W 126 St,1995.0,1994.0,1.0,3989.0
241,5 Ave & W 131 St,1279.0,1283.0,-4.0,2562.0
242,5 St & 51 Ave,718.0,717.0,1.0,1435.0
243,5 St & 6 Ave,1342.0,1339.0,3.0,2681.0
244,5 St & Market St,832.0,825.0,7.0,1657.0
245,50 Ave & 65 St,151.0,158.0,-7.0,309.0
246,50 St & 30 Ave,563.0,562.0,1.0,1125.0
247,50 St & 7 Ave,106.0,114.0,-8.0,220.0
248,50 St & Barnett Ave,548.0,549.0,-1.0,1097.0
249,50 St & Northern Blvd,507.0,514.0,-7.0,1021.0
250,51 Ave & 61 St,197.0,187.0,10.0,384.0
251,51 St & 43 Ave,600.0,561.0,39.0,1161.0
252,51 St & Hobart St,505.0,503.0,2.0,1008.0
253,51 St & Queens Blvd,211.0,200.0,11.0,411.0
254,52 St & 1 Ave,138.0,153.0,-15.0,291.0
255,52 St & 6 Ave,215.0,211.0,4.0,426.0
256,53 St & 2 Ave,319.0,340.0,-21.0,659.0
257,53 St & 4 Ave,891.0,905.0,-14.0,1796.0
258,53 St & 5 Ave,255.0,255.0,0.0,510.0
259,53 St & Flushing Ave,531.0,527.0,4.0,1058.0
260,53 St & Roosevelt Ave,438.0,387.0,51.0,825.0
261,54 St & 37 Ave,118.0,120.0,-2.0,238.0
262,55 Dr & Maurice Ave,157.0,161.0,-4.0,318.0
263,55 St & 5 Ave,234.0,235.0,-1.0,469.0
264,55 St & 7 Ave,331.0,297.0,34.0,628.0
265,55 St & Northern Blvd,258.0,264.0,-6.0,522.0
266,56 Dr & 59 St,79.0,96.0,-17.0,175.0
267,56 Dr & 61 St,54.0,60.0,-6.0,114.0
268,56 St & Arnold Ave,88.0,91.0,-3.0,179.0
269,57 Rd & 58 St,25.0,26.0,-1.0,51.0
270,57 Rd & 59 St,103.0,98.0,5.0,201.0
271,57 St & 1 Ave,208.0,218.0,-10.0,426.0
272,57 St & 37 Ave,135.0,126.0,9.0,261.0
273,57 St & 4 Ave,491.0,503.0,-12.0,994.0
274,57 St & 43 Ave,472.0,478.0,-6.0,950.0
275,57 St & 7 Ave,196.0,198.0,-2.0,394.0
276,57 St & Grand Ave,101.0,98.0,3.0,199.0
277,57 St & Woodside Ave,366.0,365.0,1.0,731.0
278,58 St & 2 Ave,212.0,218.0,-6.0,430.0
279,58 St & 32 Ave,258.0,272.0,-14.0,530.0
280,58 St & 56 Dr,73.0,82.0,-9.0,155.0
281,58 St & Pier 4,301.0,319.0,-18.0,620.0
282,59 St & 4 Ave,519.0,523.0,-4.0,1042.0
283,59 St & 5 Ave,237.0,250.0,-13.0,487.0
284,59 St & 59 Rd,41.0,42.0,-1.0,83.0
285,6 Ave & 12 St,1706.0,1701.0,5.0,3407.0
286,6 Ave & 21 St,1613.0,1601.0,12.0,3214.0
287,6 Ave & 55 St,287.0,276.0,11.0,563.0
288,6 Ave & 60 St,149.0,152.0,-3.0,301.0
289,6 Ave & 9 St,2907.0,2910.0,-3.0,5817.0
290,6 Ave & Broome St,5046.0,5077.0,-31.0,10123.0
291,6 Ave & Canal St,2806.0,2863.0,-57.0,5669.0
292,6 Ave & W 33 St,9134.0,9137.0,-3.0,18271.0
293,6 Ave & W 34 St,8869.0,8664.0,205.0,17533.0
294,6 Ave & W 45 St,6435.0,6432.0,3.0,12867.0
295,6 Ave & Walker St,3230.0,3254.0,-24.0,6484.0
296,6 St & 7 Ave,2185.0,2195.0,-10.0,4380.0
297,6 St & Grand St,3.0,1.0,2.0,4.0
298,60 Ave & Fresh Pond Rd,86.0,93.0,-7.0,179.0
299,60 Pl & 67 Ave,136.0,140.0,-4.0,276.0
300,60 Pl & Bleecker St,355.0,249.0,106.0,604.0
301,60 Pl & Flushing Ave,115.0,118.0,-3.0,233.0
302,60 Pl & Linden St,289.0,200.0,89.0,489.0
303,60 St & 37 Ave,130.0,139.0,-9.0,269.0
304,60 St & 60 Rd,139.0,134.0,5.0,273.0
305,61 St & 39 Ave,710.0,712.0,-2.0,1422.0
306,61 St & Borden Ave,68.0,69.0,-1.0,137.0
307,61 St & Laurel Hill Blvd,141.0,147.0,-6.0,288.0
308,61 St & Queens Blvd,346.0,347.0,-1.0,693.0
309,61 St & Woodside Ave,775.0,789.0,-14.0,1564.0
310,62 St & 34 Ave,260.0,262.0,-2.0,522.0
311,62 St & 4 Ave,138.0,136.0,2.0,274.0
312,62 St & 43 Ave,199.0,198.0,1.0,397.0
313,62 St & Northern Blvd,437.0,444.0,-7.0,881.0
314,63 St & 5 Ave,80.0,85.0,-5.0,165.0
315,63 St & 59 Dr,78.0,69.0,9.0,147.0
316,63 St & Borden Ave,56.0,55.0,1.0,111.0
317,64 St & 3 Ave,45.0,48.0,-3.0,93.0
318,64 St & 51 Ave,133.0,152.0,-19.0,285.0
319,64 St & 53 Dr,184.0,194.0,-10.0,378.0
320,64 St & Woodbine St,334.0,277.0,57.0,611.0
321,65 Ln & Metropolitan Ave,182.0,154.0,28.0,336.0
322,65 Pl & Woodside Ave,268.0,266.0,2.0,534.0
323,65 St & 2 Ave,49.0,51.0,-2.0,100.0
324,65 St & 35 Ave,450.0,458.0,-8.0,908.0
325,65 St & Broadway,371.0,369.0,2.0,740.0
326,65 St & Otto Rd,257.0,271.0,-14.0,528.0
327,65 St & Roosevelt Ave,236.0,240.0,-4.0,476.0
328,67 Ave & Fresh Pond Rd,430.0,423.0,7.0,853.0
329,67 St & Erik Pl,234.0,236.0,-2.0,470.0
330,69 St & 38 Ave,509.0,514.0,-5.0,1023.0
331,69 St & 43 Ave,363.0,360.0,3.0,723.0
332,7 Ave & 17 St,855.0,858.0,-3.0,1713.0
333,7 Ave & 20 St,768.0,752.0,16.0,1520.0
334,7 Ave & 22 St,360.0,359.0,1.0,719.0
335,7 Ave & 40 St,652.0,643.0,9.0,1295.0
336,7 Ave & 41 St,956.0,937.0,19.0,1893.0
337,7 Ave & 62 St,343.0,365.0,-22.0,708.0
338,7 Ave & Central Park South,9303.0,9241.0,62.0,18544.0
339,7 Ave & Park Pl,4420.0,4430.0,-10.0,8850.0
340,7 Ave & W 55 St,4248.0,3464.0,784.0,7712.0
341,7 Ave S & Bleecker St,6055.0,6079.0,-24.0,12134.0
342,7 St & 3 Ave,1296.0,1300.0,-4.0,2596.0
343,7 St & 5 Ave,1727.0,1710.0,17.0,3437.0
344,71 Ave & Myrtle Ave,459.0,456.0,3.0,915.0
345,72 St & 41 Ave,883.0,904.0,-21.0,1787.0
346,72 St & Woodside Ave,546.0,553.0,-7.0,1099.0
347,76 St & 21 Ave,252.0,266.0,-14.0,518.0
348,8 Ave & W 16 St,8460.0,8480.0,-20.0,16940.0
349,8 Ave & W 24 St,4519.0,4516.0,3.0,9035.0
350,8 Ave & W 27 St,4551.0,4557.0,-6.0,9108.0
351,8 Ave & W 31 St,8608.0,8620.0,-12.0,17228.0
352,8 Ave & W 33 St,8394.0,8143.0,251.0,16537.0
353,8 Ave & W 38 St,8207.0,8324.0,-117.0,16531.0
354,8 Ave & W 49 St,7658.0,7010.0,648.0,14668.0
355,8 Ave & W 52 St,5384.0,5417.0,-33.0,10801.0
356,8 St & Astoria Blvd,712.0,718.0,-6.0,1430.0
357,9 Ave & W 18 St,7983.0,8033.0,-50.0,16016.0
358,9 Ave & W 204 St,52.0,62.0,-10.0,114.0
359,9 Ave & W 219 St,81.0,82.0,-1.0,163.0
360,9 Ave & W 22 St,8388.0,8396.0,-8.0,16784.0
361,9 Ave & W 39 St,5128.0,5145.0,-17.0,10273.0
362,9 Ave & W 45 St,6202.0,6220.0,-18.0,12422.0
363,9 St & 44 Rd,948.0,965.0,-17.0,1913.0
364,Academy St & Nagle Ave,229.0,232.0,-3.0,461.0
365,Adam Clayton Powell Blvd & W 115 St,1783.0,1802.0,-19.0,3585.0
366,Adam Clayton Powell Blvd & W 118 St,2089.0,2123.0,-34.0,4212.0
367,Adam Clayton Powell Blvd & W 123 St,1920.0,1951.0,-31.0,3871.0
368,Adam Clayton Powell Blvd & W 126 St,2864.0,2917.0,-53.0,5781.0
369,Adam Clayton Powell Blvd & W 130 St,1253.0,1258.0,-5.0,2511.0
370,Adam Clayton Powell Blvd & W 132 St,1501.0,1516.0,-15.0,3017.0
371,Adam Clayton Powell Blvd & W 138 St,2244.0,2275.0,-31.0,4519.0
372,Adam Clayton Powell Blvd & W 141 St,1423.0,1453.0,-30.0,2876.0
373,Adam Clayton Powell Blvd & W 151 St,1010.0,1027.0,-17.0,2037.0
374,Adams St & 2 St,1.0,1.0,0.0,2.0
375,Adams St & Prospect St,1674.0,1801.0,-127.0,3475.0
376,Adelphi St & Myrtle Ave,3059.0,3062.0,-3.0,6121.0
377,Albany Ave & Carroll St,660.0,671.0,-11.0,1331.0
378,Albany Ave & Fulton St,638.0,656.0,-18.0,1294.0
379,Albany Ave & Park Pl,466.0,465.0,1.0,931.0
380,Albany Ave & Winthrop St,284.0,258.0,26.0,542.0
381,Albany St & Greenwich St,2854.0,2844.0,10.0,5698.0
382,Albemarle Rd & McDonald Ave,400.0,453.0,-53.0,853.0
383,Alexander Ave & E 134 St,760.0,769.0,-9.0,1529.0
384,Allen St & Hester St,5109.0,5161.0,-52.0,10270.0
385,Allen St & Rivington St,6346.0,6481.0,-135.0,12827.0
386,Allen St & Stanton St,6606.0,6654.0,-48.0,13260.0
387,Amory Ct & Metropolitan Ave,292.0,283.0,9.0,575.0
388,Amsterdam Ave & W 119 St,1633.0,1648.0,-15.0,3281.0
389,Amsterdam Ave & W 125 St,1399.0,1368.0,31.0,2767.0
390,Amsterdam Ave & W 131 St,520.0,535.0,-15.0,1055.0
391,Amsterdam Ave & W 136 St,1181.0,1144.0,37.0,2325.0
392,Amsterdam Ave & W 152 St,900.0,889.0,11.0,1789.0
393,Amsterdam Ave & W 156 St,626.0,444.0,182.0,1070.0
394,Amsterdam Ave & W 162 St,709.0,549.0,160.0,1258.0
395,Amsterdam Ave & W 167 St,702.0,625.0,77.0,1327.0
396,Amsterdam Ave & W 172 St,774.0,749.0,25.0,1523.0
397,Amsterdam Ave & W 175 St,611.0,606.0,5.0,1217.0
398,Amsterdam Ave & W 180 St,399.0,360.0,39.0,759.0
399,Amsterdam Ave & W 183 St,355.0,359.0,-4.0,714.0
400,Amsterdam Ave & W 186 St,371.0,369.0,2.0,740.0
401,Amsterdam Ave & W 189 St,362.0,358.0,4.0,720.0
402,Amsterdam Ave & W 66 St,3232.0,3246.0,-14.0,6478.0
403,Amsterdam Ave & W 73 St,7936.0,7927.0,9.0,15863.0
404,Amsterdam Ave & W 79 St,5709.0,5649.0,60.0,11358.0
405,Amsterdam Ave & W 82 St,5402.0,5361.0,41.0,10763.0
406,Anderson Ave & W 164 St,502.0,500.0,2.0,1002.0
407,Andrew Ave N & Hall of Fame Tce,142.0,132.0,10.0,274.0
408,Andrews Ave S & W 179 St,216.0,221.0,-5.0,437.0
409,Anthony Ave & E 175 St,528.0,522.0,6.0,1050.0
410,Anthony Ave & E Tremont Ave,922.0,930.0,-8.0,1852.0
411,Aqueduct Ave & North St,221.0,224.0,-3.0,445.0
412,Aqueduct Ave & W 190 St,220.0,230.0,-10.0,450.0
413,Ash St & Manhattan Ave,929.0,928.0,1.0,1857.0
414,Ashland Pl & Dekalb Ave,1550.0,1558.0,-8.0,3108.0
415,Astor Place,1.0,,,
416,Astoria Park S & Shore Blvd,2187.0,2205.0,-18.0,4392.0
417,Atlantic Ave & Fort Greene Pl,3165.0,3143.0,22.0,6308.0
418,Atlantic Ave & Furman St,4205.0,4213.0,-8.0,8418.0
419,Audobon Ave & W 179 St,635.0,572.0,63.0,1207.0
420,Audubon Ave & Fort George Ave,277.0,280.0,-3.0,557.0
421,Audubon Ave & W 192 St,206.0,197.0,9.0,403.0
422,Ave A & E 11 St,5284.0,5292.0,-8.0,10576.0
423,Ave A & E 14 St,8353.0,8359.0,-6.0,16712.0
424,Ave C & E 16 St,1983.0,1982.0,1.0,3965.0
425,Ave D & E 8 St,2418.0,2408.0,10.0,4826.0
426,Avenue D & E 10 St,1566.0,1566.0,0.0,3132.0
427,Avenue D & E 12 St,943.0,940.0,3.0,1883.0
428,Avenue D & E 3 St,3167.0,3139.0,28.0,6306.0
429,Bailey Ave & Sedgwick Ave,172.0,175.0,-3.0,347.0
430,Bailey Ave & W 193 St,130.0,147.0,-17.0,277.0
431,Bainbridge Ave & Bedford Park Blvd,279.0,294.0,-15.0,573.0
432,Bainbridge Ave & E 193 St,258.0,261.0,-3.0,519.0
433,Bainbridge Ave & E 196 St,411.0,422.0,-11.0,833.0
434,Bainbridge Ave & E 198 St,299.0,318.0,-19.0,617.0
435,Baldwin at Montgomery,1.0,1.0,0.0,2.0
436,Bank St & Hudson St,3081.0,3062.0,19.0,6143.0
437,Bank St & Washington St,3612.0,3626.0,-14.0,7238.0
438,Banker St & Meserole Ave,1333.0,1384.0,-51.0,2717.0
439,Barclay St & Church St,1494.0,1559.0,-65.0,3053.0
440,Barrow St & Hudson St,4878.0,4871.0,7.0,9749.0
441,Barry St & Tiffany St,265.0,257.0,8.0,522.0
442,Bay St & Court St,419.0,449.0,-30.0,868.0
443,Bayard St & Baxter St,3813.0,3823.0,-10.0,7636.0
444,Bayard St & Leonard St,2261.0,2338.0,-77.0,4599.0
445,Beaver St & Fayette St,1449.0,1443.0,6.0,2892.0
446,Beck St & Leggett Ave,778.0,789.0,-11.0,1567.0
447,Bedford Ave & Bergen St,1752.0,1770.0,-18.0,3522.0
448,Bedford Ave & Clarkson Ave,1041.0,1042.0,-1.0,2083.0
449,Bedford Ave & Fenimore St,322.0,337.0,-15.0,659.0
450,Bedford Ave & Maple St,512.0,510.0,2.0,1022.0
451,Bedford Ave & Montgomery St,579.0,557.0,22.0,1136.0
452,Bedford Ave & Nassau Ave,3577.0,3789.0,-212.0,7366.0
453,Bedford Ave & S 9 St,1077.0,1087.0,-10.0,2164.0
454,Bedford Park Blvd & Paul Ave,284.0,275.0,9.0,559.0
455,Bergen Ave & E 152 St,809.0,815.0,-6.0,1624.0
456,Bergen Ave & Sip Ave,3.0,4.0,-1.0,7.0
457,Bergen St & 4 Ave,2359.0,2371.0,-12.0,4730.0
458,Bergen St & Buffalo Ave,171.0,127.0,44.0,298.0
459,Bergen St & Carlton Ave,2120.0,2146.0,-26.0,4266.0
460,Bergen St & Flatbush Ave,3166.0,3224.0,-58.0,6390.0
461,Bergen St & Kingston Ave,710.0,714.0,-4.0,1424.0
462,Bergen St & Mother Gaston Blvd,238.0,223.0,15.0,461.0
463,Bergen St & Saratoga Ave,188.0,190.0,-2.0,378.0
464,Bergen St & Smith St,3111.0,3205.0,-94.0,6316.0
465,Bergen St & Troy Ave,314.0,270.0,44.0,584.0
466,Bergen St & Vanderbilt Ave,5407.0,5427.0,-20.0,10834.0
467,Berkeley Pl & 6 Ave,1999.0,1991.0,8.0,3990.0
468,Berkeley Pl & 7 Ave,3867.0,3894.0,-27.0,7761.0
469,Berry St & N 8 St,3586.0,3674.0,-88.0,7260.0
470,Bialystoker Pl & Delancey St,2270.0,2257.0,13.0,4527.0
471,Bleecker St & Crosby St,6558.0,6664.0,-106.0,13222.0
472,Bleecker St & Forest Ave,350.0,298.0,52.0,648.0
473,Boerum St & Broadway,1486.0,1481.0,5.0,2967.0
474,Bond St & Bergen St,1499.0,1497.0,2.0,2996.0
475,Bond St & Fulton St,3079.0,3093.0,-14.0,6172.0
476,Boone Ave & E 172 St,573.0,577.0,-4.0,1150.0
477,Borden Ave & Review Ave,231.0,236.0,-5.0,467.0
478,Boston Rd & E 167 St,821.0,841.0,-20.0,1662.0
479,Boston Rd & Prospect Ave,1145.0,1156.0,-11.0,2301.0
480,Botanical Sq & Webster Ave,489.0,494.0,-5.0,983.0
481,Bradhurst Ave & W 148 St,764.0,777.0,-13.0,1541.0
482,Bradley Ave & Greenpoint Ave,401.0,413.0,-12.0,814.0
483,Brevoort Pl & Bedford Ave,733.0,733.0,0.0,1466.0
484,Bridge St & Water St,2054.0,2096.0,-42.0,4150.0
485,Bridge St & York St,766.0,880.0,-114.0,1646.0
486,Broad St & Bridge St,1957.0,2072.0,-115.0,4029.0
487,Broadway & 12 St,717.0,744.0,-27.0,1461.0
488,Broadway & 49 St,371.0,376.0,-5.0,747.0
489,Broadway & 51 St,575.0,571.0,4.0,1146.0
490,Broadway & Battery Pl,1841.0,1878.0,-37.0,3719.0
491,Broadway & Berry St,3575.0,3586.0,-11.0,7161.0
492,Broadway & E 14 St,8682.0,8662.0,20.0,17344.0
493,Broadway & E 19 St,5752.0,5772.0,-20.0,11524.0
494,Broadway & E 21 St,8754.0,8821.0,-67.0,17575.0
495,Broadway & Ellwood St,313.0,332.0,-19.0,645.0
496,Broadway & Furman Ave,270.0,277.0,-7.0,547.0
497,Broadway & Hancock St,579.0,600.0,-21.0,1179.0
498,Broadway & Kent Ave,3861.0,3855.0,6.0,7716.0
499,Broadway & Kosciuszko St,1081.0,1011.0,70.0,2092.0
500,Broadway & Madison St,1018.0,1026.0,-8.0,2044.0
501,Broadway & Morris St,3453.0,3468.0,-15.0,6921.0
502,Broadway & Moylan Pl,1462.0,1500.0,-38.0,2962.0
503,Broadway & Roebling St,2423.0,2433.0,-10.0,4856.0
504,Broadway & W 122 St,970.0,990.0,-20.0,1960.0
505,Broadway & W 131 St,917.0,942.0,-25.0,1859.0
506,Broadway & W 133 St,1142.0,1153.0,-11.0,2295.0
507,Broadway & W 138 St,1228.0,966.0,262.0,2194.0
508,Broadway & W 142 St,1076.0,914.0,162.0,1990.0
509,Broadway & W 153 St,514.0,495.0,19.0,1009.0
510,Broadway & W 155 St,938.0,947.0,-9.0,1885.0
511,Broadway & W 160 St,990.0,1009.0,-19.0,1999.0
512,Broadway & W 165 St,552.0,485.0,67.0,1037.0
513,Broadway & W 168 St,1137.0,925.0,212.0,2062.0
514,Broadway & W 185 St,590.0,600.0,-10.0,1190.0
515,Broadway & W 192 St,386.0,413.0,-27.0,799.0
516,Broadway & W 220 St,744.0,758.0,-14.0,1502.0
517,Broadway & W 25 St,9088.0,9163.0,-75.0,18251.0
518,Broadway & W 29 St,5413.0,5452.0,-39.0,10865.0
519,Broadway & W 36 St,3733.0,3085.0,648.0,6818.0
520,Broadway & W 37 St,2801.0,1815.0,986.0,4616.0
521,Broadway & W 38 St,5722.0,5617.0,105.0,11339.0
522,Broadway & W 41 St,6363.0,6179.0,184.0,12542.0
523,Broadway & W 48 St,6303.0,6351.0,-48.0,12654.0
524,Broadway & W 51 St,5116.0,5060.0,56.0,10176.0
525,Broadway & W 53 St,6023.0,4741.0,1282.0,10764.0
526,Broadway & W 56 St,5826.0,4078.0,1748.0,9904.0
527,Broadway & W 58 St,10992.0,10598.0,394.0,21590.0
528,Broadway & W 61 St,7996.0,7967.0,29.0,15963.0
529,Broadway & Whipple St,1615.0,1622.0,-7.0,3237.0
530,Bronx Shore Comfort Station,391.0,375.0,16.0,766.0
531,Brook Ave & E 138 St,872.0,948.0,-76.0,1820.0
532,Brook Ave & E 141 St,629.0,642.0,-13.0,1271.0
533,Brook Ave & E 148 St,495.0,489.0,6.0,984.0
534,Brook Ave & E 157 St,805.0,811.0,-6.0,1616.0
535,Brooklyn Ave & Dean St,884.0,889.0,-5.0,1773.0
536,Brooklyn Ave & Prospect Pl,1096.0,1075.0,21.0,2171.0
537,Brooklyn Bridge Park - Pier 2,2173.0,2187.0,-14.0,4360.0
538,Buchanan Pl & Grand Ave,382.0,380.0,2.0,762.0
539,Buffalo Ave & E New York Ave,498.0,509.0,-11.0,1007.0
540,Buffalo Ave & St Johns Pl,86.0,92.0,-6.0,178.0
541,Bulova Ave & Brooklyn Queens Expressway W,553.0,572.0,-19.0,1125.0
542,Bus Slip & State St,2698.0,2641.0,57.0,5339.0
543,Bushwick Ave & Dekalb Ave,839.0,835.0,4.0,1674.0
544,Bushwick Ave & Forrest St,1097.0,1102.0,-5.0,2199.0
545,Bushwick Ave & Furman Ave,361.0,343.0,18.0,704.0
546,Bushwick Ave & Harman St,1068.0,1077.0,-9.0,2145.0
547,Bushwick Ave & Linden St,926.0,929.0,-3.0,1855.0
548,Bushwick Ave & McKibbin St,779.0,768.0,11.0,1547.0
549,Bushwick Ave & Powers St,1683.0,1691.0,-8.0,3374.0
550,Bushwick Ave & Stagg St,625.0,636.0,-11.0,1261.0
551,Butler St & Court St,1414.0,1426.0,-12.0,2840.0
552,Cabrini Blvd & W 177 St,246.0,254.0,-8.0,500.0
553,Cadman Plaza E & Red Cross Pl,1808.0,1900.0,-92.0,3708.0
554,Cadman Plaza E & Tillary St,1530.0,1544.0,-14.0,3074.0
555,Calyer St & Guernsey St,1063.0,1126.0,-63.0,2189.0
556,Calyer St & Jewel St,918.0,929.0,-11.0,1847.0
557,Calyer St & West St,1074.0,1115.0,-41.0,2189.0
558,Cambridge Pl & Gates Ave,1823.0,1854.0,-31.0,3677.0
559,Canal St & Rutgers St,8114.0,8147.0,-33.0,16261.0
560,Carlton Ave & Flushing Ave,1485.0,1539.0,-54.0,3024.0
561,Carlton Ave & Park Ave,1243.0,1242.0,1.0,2485.0
562,Carlton Ave & St Marks Ave,1360.0,1368.0,-8.0,2728.0
563,Carmine St & 6 Ave,7642.0,7633.0,9.0,15275.0
564,Carroll St & 5 Ave,2552.0,2560.0,-8.0,5112.0
565,Carroll St & 6 Ave,2162.0,2179.0,-17.0,4341.0
566,Carroll St & Bond St,1252.0,1259.0,-7.0,2511.0
567,Carroll St & Columbia St,1628.0,1628.0,0.0,3256.0
568,Carroll St & Franklin Ave,629.0,637.0,-8.0,1266.0
569,Carroll St & Rochester Ave,298.0,305.0,-7.0,603.0
570,Carroll St & Smith St,2694.0,2704.0,-10.0,5398.0
571,Carroll St & Utica Ave,275.0,281.0,-6.0,556.0
572,Carroll St & Washington Ave,725.0,722.0,3.0,1447.0
573,Catalpa Ave & Woodward Ave,650.0,656.0,-6.0,1306.0
574,Cathedral Pkwy & Broadway,3323.0,3337.0,-14.0,6660.0
575,Catherine St & Monroe St,2604.0,2604.0,0.0,5208.0
576,Caton Ave & Argyle Rd,756.0,768.0,-12.0,1524.0
577,Caton Ave & Bedford Ave,297.0,313.0,-16.0,610.0
578,Caton Ave & E 10 St,581.0,585.0,-4.0,1166.0
579,Caton Ave & E 7 St,399.0,415.0,-16.0,814.0
580,Cauldwell Ave & E 158 St,443.0,456.0,-13.0,899.0
581,Cauldwell Ave & E 161 St,507.0,513.0,-6.0,1020.0
582,Cedar Ave & W Fordham Rd,212.0,215.0,-3.0,427.0
583,Cedar St & Evergreen Ave,742.0,746.0,-4.0,1488.0
584,Cedar St & Myrtle Ave,1033.0,1030.0,3.0,2063.0
585,Center Blvd & 48 Ave,1394.0,1402.0,-8.0,2796.0
586,Center Blvd & 51 Ave,2736.0,2751.0,-15.0,5487.0
587,Central Ave & Covert St,552.0,571.0,-19.0,1123.0
588,Central Ave & Decatur St,478.0,472.0,6.0,950.0
589,Central Ave & Flushing Ave,802.0,799.0,3.0,1601.0
590,Central Ave & Himrod St,791.0,807.0,-16.0,1598.0
591,Central Ave & Melrose St,716.0,728.0,-12.0,1444.0
592,Central Ave & Starr Street,1246.0,1266.0,-20.0,2512.0
593,Central Ave & Weirfield St,610.0,608.0,2.0,1218.0
594,Central Ave & Woodbine St,988.0,993.0,-5.0,1981.0
595,Central Park North & Adam Clayton Powell Blvd,5480.0,5525.0,-45.0,11005.0
596,Central Park S & 6 Ave,9292.0,9303.0,-11.0,18595.0
597,Central Park W & W 103 St,2942.0,2973.0,-31.0,5915.0
598,Central Park W & W 91 St,5159.0,5201.0,-42.0,10360.0
599,Central Park W & W 97 St,4861.0,4896.0,-35.0,9757.0
600,Central Park West & W 68 St,8014.0,8054.0,-40.0,16068.0
601,Central Park West & W 72 St,6542.0,6518.0,24.0,13060.0
602,Central Park West & W 76 St,4216.0,4285.0,-69.0,8501.0
603,Central Park West & W 85 St,5101.0,5084.0,17.0,10185.0
604,Centre St & Chambers St,5612.0,5699.0,-87.0,11311.0
605,Centre St & Seneca Ave,310.0,315.0,-5.0,625.0
606,Centre St & Worth St,4043.0,4022.0,21.0,8065.0
607,Charlotte St & Boston Rd,715.0,721.0,-6.0,1436.0
608,Chauncey St & Howard Ave,466.0,483.0,-17.0,949.0
609,Chauncey St & Malcolm X Blvd,465.0,449.0,16.0,914.0
610,Chauncey St & Stuyvesant Ave,804.0,812.0,-8.0,1616.0
611,Cherry St,2246.0,2215.0,31.0,4461.0
612,Chester Ave & 12 Ave,178.0,178.0,0.0,356.0
613,Christopher St & Greenwich St,7360.0,7466.0,-106.0,14826.0
614,Church Ave & McDonald Ave,365.0,366.0,-1.0,731.0
615,Church Ave & Story St,432.0,427.0,5.0,859.0
616,Church St & Worth St,2212.0,2207.0,5.0,4419.0
617,City Hall,1.0,4.0,-3.0,5.0
618,City Hall - Washington St & 1 St,1.0,1.0,0.0,2.0
619,Clark St & Henry St,4045.0,4038.0,7.0,8083.0
620,Clarkson Ave & E 37 St,9.0,11.0,-2.0,20.0
621,Clarkson Ave & Nostrand Ave,939.0,937.0,2.0,1876.0
622,Clarkson Ave & Troy Ave,5.0,7.0,-2.0,12.0
623,Clarkson Ave & Utica Ave,244.0,257.0,-13.0,501.0
624,Classon Ave & St Marks Ave,2204.0,2210.0,-6.0,4414.0
625,Clay Ave & Claremont Pkwy,642.0,672.0,-30.0,1314.0
626,Clay Ave & E 173 St,469.0,474.0,-5.0,943.0
627,Clermont Ave & Lafayette Ave,2832.0,2832.0,0.0,5664.0
628,Clermont Ave & Park Ave,1359.0,1358.0,1.0,2717.0
629,Cleveland Pl & Spring St,9230.0,9260.0,-30.0,18490.0
630,Cliff St & Fulton St,3172.0,3195.0,-23.0,6367.0
631,Clinton Ave & Flushing Ave,1204.0,1266.0,-62.0,2470.0
632,Clinton Ave & Myrtle Ave,3773.0,3684.0,89.0,7457.0
633,Clinton St & 4 Place,1463.0,1483.0,-20.0,2946.0
634,Clinton St & Centre St,391.0,405.0,-14.0,796.0
635,Clinton St & Cherry St,2984.0,2977.0,7.0,5961.0
636,Clinton St & Grand St,7701.0,7725.0,-24.0,15426.0
637,Clinton St & Joralemon St,2684.0,2716.0,-32.0,5400.0
638,Clinton St & Tillary St,2480.0,2500.0,-20.0,4980.0
639,Clinton St & Union St,2106.0,2095.0,11.0,4201.0
640,Coffey St & Conover St,706.0,818.0,-112.0,1524.0
641,Coffey St & Ferris St,702.0,697.0,5.0,1399.0
642,College Ave & E 169 St,959.0,980.0,-21.0,1939.0
643,College Ave & E 170 St,316.0,290.0,26.0,606.0
644,Columbia Heights & Cranberry St,1712.0,1706.0,6.0,3418.0
645,Columbia St & Degraw St,1196.0,1202.0,-6.0,2398.0
646,Columbia St & Kane St,807.0,811.0,-4.0,1618.0
647,Columbia St & Lorraine St,199.0,315.0,-116.0,514.0
648,Columbia St & Rivington St,2637.0,2610.0,27.0,5247.0
649,Columbia St & W 9 St,242.0,260.0,-18.0,502.0
650,Columbus Ave & W 103 St,1299.0,1178.0,121.0,2477.0
651,Columbus Ave & W 72 St,8780.0,8834.0,-54.0,17614.0
652,Columbus Ave & W 95 St,4809.0,4868.0,-59.0,9677.0
653,Columbus Pl & Atlantic Ave,166.0,171.0,-5.0,337.0
654,Commerce St & Van Brunt St,603.0,603.0,0.0,1206.0
655,Concord St & Bridge St,1126.0,1118.0,8.0,2244.0
656,Concourse Village East & E 158 St,920.0,939.0,-19.0,1859.0
657,Concourse Village West & E 156 St,580.0,592.0,-12.0,1172.0
658,Congress St & Clinton St,2067.0,2071.0,-4.0,4138.0
659,Congress St & Hicks St,1180.0,1185.0,-5.0,2365.0
660,Convent Ave & W 135 St,899.0,892.0,7.0,1791.0
661,Convent Ave & W 151 St,498.0,396.0,102.0,894.0
662,Cooper Ave & 65 Pl,231.0,234.0,-3.0,465.0
663,Cooper Square & Astor Pl,6111.0,6190.0,-79.0,12301.0
664,Court St & Nelson St,1488.0,1504.0,-16.0,2992.0
665,Court St & State St,3867.0,3865.0,2.0,7732.0
666,Courtlandt Ave & E 149 St,477.0,421.0,56.0,898.0
667,Crescent St & 30 Ave,2138.0,2158.0,-20.0,4296.0
668,Crescent St & 34 Ave,1674.0,1680.0,-6.0,3354.0
669,Crescent St & 35 Ave,1066.0,1072.0,-6.0,2138.0
670,Crescent St & Broadway,2198.0,2225.0,-27.0,4423.0
671,Crescent St & Ditmars Blvd,804.0,823.0,-19.0,1627.0
672,Creston Ave & E 178 St,489.0,469.0,20.0,958.0
673,Creston Ave & E 181 St,381.0,386.0,-5.0,767.0
674,Crotona Park East & E 173 St,711.0,722.0,-11.0,1433.0
675,Crotona Park North & Prospect Ave,718.0,751.0,-33.0,1469.0
676,Crown St & Rogers Ave,567.0,575.0,-8.0,1142.0
677,Cumberland St & Lafayette Ave,202.0,205.0,-3.0,407.0
678,Cypress Ave & George St,225.0,227.0,-2.0,452.0
679,Cypress Ave & Palmetto St,390.0,262.0,128.0,652.0
680,Cypress Ave & St Felix Ave,103.0,109.0,-6.0,212.0
681,Cypress Hills St & Otto Rd,192.0,206.0,-14.0,398.0
682,Dahill Rd & 12 Ave,395.0,398.0,-3.0,793.0
683,Davidson Ave & W Burnside Ave,542.0,559.0,-17.0,1101.0
684,Dawson St & Intervale Ave,275.0,282.0,-7.0,557.0
685,DeKalb Ave & Franklin Ave,2363.0,2376.0,-13.0,4739.0
686,DeKalb Ave & Hudson Ave,2313.0,2322.0,-9.0,4635.0
687,DeKalb Ave & S Portland Ave,3417.0,3431.0,-14.0,6848.0
688,DeKalb Ave & Vanderbilt Ave,3488.0,3496.0,-8.0,6984.0
689,Dean St & Franklin Ave,2454.0,2470.0,-16.0,4924.0
690,Dean St & Hoyt St,1474.0,1496.0,-22.0,2970.0
691,Dean St & Rockaway Ave,84.0,77.0,7.0,161.0
692,Decatur Ave & Bedford Park Blvd,206.0,212.0,-6.0,418.0
693,Decatur Ave & E 197 St,147.0,145.0,2.0,292.0
694,Decatur Ave & Oliver Pl,148.0,151.0,-3.0,299.0
695,Decatur St & Saratoga Ave,461.0,469.0,-8.0,930.0
696,Degraw St & 3 Ave,729.0,737.0,-8.0,1466.0
697,Degraw St & Hoyt St,1277.0,1279.0,-2.0,2556.0
698,Degraw St & Smith St,1866.0,1881.0,-15.0,3747.0
699,Delancey St & Eldridge St,2334.0,2375.0,-41.0,4709.0
700,Devoe St & Lorimer St,2412.0,2424.0,-12.0,4836.0
701,Devoe St & Morgan Ave,893.0,905.0,-12.0,1798.0
702,Ditmars Blvd & 19 St,1195.0,1205.0,-10.0,2400.0
703,Ditmars Blvd & 43 St,889.0,827.0,62.0,1716.0
704,Ditmars Blvd & 48 St,394.0,373.0,21.0,767.0
705,Ditmars Blvd & 73 St,179.0,179.0,0.0,358.0
706,Ditmars Blvd & 76 St,188.0,186.0,2.0,374.0
707,Ditmars Blvd & 79 St,507.0,520.0,-13.0,1027.0
708,Division Ave & Hooper St,1466.0,1440.0,26.0,2906.0
709,Division Ave & Marcy Ave,1069.0,1098.0,-29.0,2167.0
710,Division St & Bowery,3792.0,3814.0,-22.0,7606.0
711,Dock 72 Way & Market St,2203.0,2377.0,-174.0,4580.0
712,Dock St & Front St,2211.0,2202.0,9.0,4413.0
713,Douglass St & 3 Ave,2465.0,2506.0,-41.0,4971.0
714,Douglass St & 4 Ave,2322.0,2333.0,-11.0,4655.0
715,Driggs Ave & Lorimer St,2344.0,2339.0,5.0,4683.0
716,Driggs Ave & N 9 St,3080.0,3112.0,-32.0,6192.0
717,Driggs Ave & N Henry St,1981.0,1965.0,16.0,3946.0
718,Driggs Ave & S 2 St,2002.0,1994.0,8.0,3996.0
719,Duane St & Hudson St,1633.0,1564.0,69.0,3197.0
720,Duffield St & Willoughby St,2732.0,2727.0,5.0,5459.0
721,Dwight St & Van Dyke St,387.0,393.0,-6.0,780.0
722,Dyckman St & 10 Ave,145.0,150.0,-5.0,295.0
723,Dyckman St & Henshaw St,366.0,370.0,-4.0,736.0
724,Dyckman St & Staff St,702.0,704.0,-2.0,1406.0
725,E 1 St & 1 Ave,7131.0,7199.0,-68.0,14330.0
726,E 1 St & Bowery,3802.0,3834.0,-32.0,7636.0
727,E 10 St & 2 Ave,5851.0,5879.0,-28.0,11730.0
728,E 10 St & Avenue A,6383.0,6493.0,-110.0,12876.0
729,E 102 St & 1 Ave,2887.0,2901.0,-14.0,5788.0
730,E 102 St & Park Ave,1119.0,1148.0,-29.0,2267.0
731,E 103 St & Lexington Ave,1780.0,1790.0,-10.0,3570.0
732,E 106 St & 1 Ave,1303.0,1324.0,-21.0,2627.0
733,E 106 St & 2 Ave,1494.0,1487.0,7.0,2981.0
734,E 106 St & Lexington Ave,1778.0,1792.0,-14.0,3570.0
735,E 106 St & Madison Ave,1928.0,1971.0,-43.0,3899.0
736,E 11 St & 1 Ave,5731.0,5772.0,-41.0,11503.0
737,E 11 St & 3 Ave,3772.0,3731.0,41.0,7503.0
738,E 11 St & Avenue B,4708.0,4688.0,20.0,9396.0
739,E 114 St & 1 Ave,1522.0,1553.0,-31.0,3075.0
740,E 115 St & Lexington Ave,1460.0,1504.0,-44.0,2964.0
741,E 115 St & Madison Ave,1355.0,1376.0,-21.0,2731.0
742,E 116 St & 2 Ave,1421.0,1446.0,-25.0,2867.0
743,E 117 St & 1 Ave,631.0,655.0,-24.0,1286.0
744,E 118 St & 3 Ave,1349.0,1393.0,-44.0,2742.0
745,E 118 St & Madison Ave,2161.0,2183.0,-22.0,4344.0
746,E 118 St & Park Ave,812.0,822.0,-10.0,1634.0
747,E 12 St & 3 Ave,3284.0,3365.0,-81.0,6649.0
748,E 12 St & Ave C,2636.0,2629.0,7.0,5265.0
749,E 123 St & Lexington Ave,1326.0,1339.0,-13.0,2665.0
750,E 128 St & 3 Ave,480.0,474.0,6.0,954.0
751,E 128 St & Madison Ave,1589.0,1617.0,-28.0,3206.0
752,E 13 St & 2 Ave,6331.0,6402.0,-71.0,12733.0
753,E 13 St & Avenue A,3800.0,3821.0,-21.0,7621.0
754,E 132 St & Madison Ave,1234.0,1249.0,-15.0,2483.0
755,E 133 St & Cypress Pl,209.0,207.0,2.0,416.0
756,E 134 St & Walnut Ave,80.0,76.0,4.0,156.0
757,E 135 St & St Ann's Ave,374.0,362.0,12.0,736.0
758,E 138 St & 5 Av,859.0,871.0,-12.0,1730.0
759,E 138 St & Cypress Ave,798.0,809.0,-11.0,1607.0
760,E 138 St & Grand Concourse,300.0,316.0,-16.0,616.0
761,E 138 St & Park Ave,619.0,607.0,12.0,1226.0
762,E 138 St & Willow Ave,453.0,463.0,-10.0,916.0
763,E 14 St & 1 Ave,5707.0,5719.0,-12.0,11426.0
764,E 14 St & Avenue B,4670.0,4682.0,-12.0,9352.0
765,E 141 St & Jackson Ave,569.0,551.0,18.0,1120.0
766,E 141 St & St Ann's Ave,563.0,588.0,-25.0,1151.0
767,E 142 St & 3 Ave,1017.0,1009.0,8.0,2026.0
768,E 144 St & Brook Ave,447.0,422.0,25.0,869.0
769,E 147 St & Bergen Ave,756.0,790.0,-34.0,1546.0
770,E 149 St & Eagle Ave,750.0,745.0,5.0,1495.0
771,E 149 St & Jackson Ave,980.0,1006.0,-26.0,1986.0
772,E 149 St & Morris Ave,963.0,994.0,-31.0,1957.0
773,E 149 St & Park Ave,790.0,800.0,-10.0,1590.0
774,E 15 St & 3 Ave,5127.0,5178.0,-51.0,10305.0
775,E 150 St & Gerard Ave,558.0,569.0,-11.0,1127.0
776,E 153 St & E 157 St,950.0,970.0,-20.0,1920.0
777,E 155 St & Courtlandt Ave,524.0,520.0,4.0,1044.0
778,E 156 & Brook Ave,900.0,920.0,-20.0,1820.0
779,E 156 St & Courtlandt Ave,571.0,569.0,2.0,1140.0
780,E 157 St & River Ave,918.0,940.0,-22.0,1858.0
781,E 158 St & Melrose Ave,639.0,650.0,-11.0,1289.0
782,E 16 St & 5 Ave,6166.0,6237.0,-71.0,12403.0
783,E 16 St & Irving Pl,4453.0,4497.0,-44.0,8950.0
784,E 160 St & Tinton Ave,324.0,312.0,12.0,636.0
785,E 161 St & Park Ave,985.0,1002.0,-17.0,1987.0
786,E 161 St & River Ave,2435.0,2499.0,-64.0,4934.0
787,E 163 St & Tiffany St,441.0,443.0,-2.0,884.0
788,E 163 St & Union Ave,728.0,739.0,-11.0,1467.0
789,E 165 St & Clay Ave,577.0,589.0,-12.0,1166.0
790,E 165 St & Fox St,312.0,293.0,19.0,605.0
791,E 165 St & Jerome Ave,482.0,508.0,-26.0,990.0
792,E 167 St & Bryant Ave,302.0,294.0,8.0,596.0
793,E 167 St & Clay Ave,638.0,657.0,-19.0,1295.0
794,E 167 St & Franklin Ave,581.0,592.0,-11.0,1173.0
795,E 169 St & Fox St,267.0,244.0,23.0,511.0
796,E 169 St & Webster Ave,850.0,864.0,-14.0,1714.0
797,E 17 St & 2 Ave,3581.0,3604.0,-23.0,7185.0
798,E 17 St & Broadway,10418.0,10514.0,-96.0,20932.0
799,E 170 St & Clay Ave,639.0,625.0,14.0,1264.0
800,E 170 St & Sheridan Ave,1019.0,989.0,30.0,2008.0
801,E 170 St & Webster Ave,1133.0,1175.0,-42.0,2308.0
802,E 171 St & 3 Ave,784.0,814.0,-30.0,1598.0
803,E 171 St & Webster Ave,667.0,677.0,-10.0,1344.0
804,E 174 St & Longfellow Ave,738.0,775.0,-37.0,1513.0
805,E 174 St & Walton Ave,411.0,357.0,54.0,768.0
806,E 182 St & Morris Ave,425.0,413.0,12.0,838.0
807,E 188 St & Creston Ave,413.0,411.0,2.0,824.0
808,E 19 St & 3 Ave,3254.0,3291.0,-37.0,6545.0
809,E 2 St & 2 Ave,2856.0,3026.0,-170.0,5882.0
810,E 2 St & Avenue A,4594.0,4606.0,-12.0,9200.0
811,E 2 St & Avenue B,6682.0,6670.0,12.0,13352.0
812,E 2 St & Avenue C,5086.0,4985.0,101.0,10071.0
813,E 20 St & 2 Ave,4801.0,4849.0,-48.0,9650.0
814,E 20 St & FDR Dr,6001.0,5990.0,11.0,11991.0
815,E 20 St & Park Ave,4624.0,4646.0,-22.0,9270.0
816,E 201 St & Briggs Ave,219.0,228.0,-9.0,447.0
817,E 21 St & Church Ave,11.0,14.0,-3.0,25.0
818,E 22 St & 2 Ave,4721.0,4727.0,-6.0,9448.0
819,E 23 St & 1 Ave,5732.0,5752.0,-20.0,11484.0
820,E 25 St & 1 Ave,3400.0,3456.0,-56.0,6856.0
821,E 25 St & 2 Ave,5166.0,5184.0,-18.0,10350.0
822,E 26 St & 3 Ave,3998.0,4015.0,-17.0,8013.0
823,E 27 St & 1 Ave,4892.0,4906.0,-14.0,9798.0
824,E 27 St & Park Ave S,4357.0,4193.0,164.0,8550.0
825,E 3 St & 1 Ave,3953.0,3997.0,-44.0,7950.0
826,E 3 St & Church Ave,259.0,273.0,-14.0,532.0
827,E 30 St & Park Ave S,4735.0,4766.0,-31.0,9501.0
828,E 32 St & Park Ave,6597.0,6599.0,-2.0,13196.0
829,E 33 St & 1 Ave,7656.0,7647.0,9.0,15303.0
830,E 33 St & 5 Ave,5024.0,5051.0,-27.0,10075.0
831,E 35 St & Madison Ave,2845.0,2797.0,48.0,5642.0
832,E 39 St & 2 Ave,1555.0,1583.0,-28.0,3138.0
833,E 39 St & Lexington Ave,5524.0,5538.0,-14.0,11062.0
834,E 4 St & 2 Ave,4986.0,5116.0,-130.0,10102.0
835,E 4 St & Ave B,3953.0,3961.0,-8.0,7914.0
836,E 40 St & 5 Ave,6554.0,6524.0,30.0,13078.0
837,E 40 St & Park Ave,9747.0,9748.0,-1.0,19495.0
838,E 41 St & Madison Ave (SE corner),3878.0,3635.0,243.0,7513.0
839,E 43 St & 2 Ave,2649.0,2538.0,111.0,5187.0
840,E 43 St & Madison Ave,4468.0,4377.0,91.0,8845.0
841,E 44 St & 2 Ave,3095.0,2668.0,427.0,5763.0
842,E 44 St & Lexington Ave,6179.0,6182.0,-3.0,12361.0
843,E 45 St & 3 Ave,2323.0,2334.0,-11.0,4657.0
844,E 47 St & 1 Ave,3353.0,3374.0,-21.0,6727.0
845,E 47 St & 2 Ave,4064.0,4069.0,-5.0,8133.0
846,E 47 St & Park Ave,6527.0,6596.0,-69.0,13123.0
847,E 48 St & 3 Ave,3468.0,3460.0,8.0,6928.0
848,E 48 St & 5 Ave,4955.0,4963.0,-8.0,9918.0
849,E 5 St & Ave A,4895.0,4920.0,-25.0,9815.0
850,E 5 St & Avenue C,3127.0,3127.0,0.0,6254.0
851,E 5 St & Cooper Sq,3646.0,3724.0,-78.0,7370.0
852,E 50 St & Park Ave,1856.0,1832.0,24.0,3688.0
853,E 51 St & 1 Ave,3297.0,3308.0,-11.0,6605.0
854,E 51 St & 2 Ave,3471.0,3463.0,8.0,6934.0
855,E 51 St & Lexington Ave,3504.0,3054.0,450.0,6558.0
856,E 53 St & 3 Ave,3635.0,3615.0,20.0,7250.0
857,E 53 St & Lexington Ave,4311.0,4159.0,152.0,8470.0
858,E 53 St & Madison Ave,3106.0,3111.0,-5.0,6217.0
859,E 54 St & 1 Ave,4006.0,4026.0,-20.0,8032.0
860,E 55 St & 2 Ave,4495.0,4516.0,-21.0,9011.0
861,E 56 St & 3 Ave,3691.0,3702.0,-11.0,7393.0
862,E 56 St & Madison Ave,3558.0,3560.0,-2.0,7118.0
863,E 58 St & 1 Ave (NE Corner),2185.0,2172.0,13.0,4357.0
864,E 58 St & 1 Ave (NW Corner),3528.0,3507.0,21.0,7035.0
865,E 58 St & 3 Ave,5880.0,5916.0,-36.0,11796.0
866,E 58 St & Madison Ave,3796.0,3355.0,441.0,7151.0
867,E 59 St & Madison Ave,3939.0,3932.0,7.0,7871.0
868,E 6 St & 2 Ave,3348.0,3411.0,-63.0,6759.0
869,E 6 St & Avenue B,4285.0,4424.0,-139.0,8709.0
870,E 6 St & Avenue D,4159.0,4200.0,-41.0,8359.0
871,E 60 St & York Ave,1604.0,1609.0,-5.0,3213.0
872,E 63 St & 3 Ave,3379.0,3228.0,151.0,6607.0
873,E 65 St & 2 Ave,2536.0,2558.0,-22.0,5094.0
874,E 66 St & Madison Ave,1854.0,1853.0,1.0,3707.0
875,E 67 St & Park Ave,1745.0,1668.0,77.0,3413.0
876,E 68 St & 3 Ave,2154.0,2167.0,-13.0,4321.0
877,E 68 St & Madison Ave,2110.0,1987.0,123.0,4097.0
878,E 7 St & Ave B,4453.0,4462.0,-9.0,8915.0
879,E 7 St & Ave C,4099.0,4103.0,-4.0,8202.0
880,E 7 St & Avenue A,6597.0,6617.0,-20.0,13214.0
881,E 72 St & Park Ave,3943.0,4001.0,-58.0,7944.0
882,E 72 St & York Ave,5805.0,5819.0,-14.0,11624.0
883,E 74 St & 1 Ave,4395.0,4428.0,-33.0,8823.0
884,E 75 St & 3 Ave,2750.0,2740.0,10.0,5490.0
885,E 76 St & Park Ave,3485.0,3510.0,-25.0,6995.0
886,E 77 St & 1 Ave,6404.0,6444.0,-40.0,12848.0
887,E 77 St & 3 Ave,3712.0,3743.0,-31.0,7455.0
888,E 78 St & 2 Ave,1248.0,1238.0,10.0,2486.0
889,E 8 St & Caton Ave,377.0,381.0,-4.0,758.0
890,E 81 St & 1 Ave,3541.0,3556.0,-15.0,7097.0
891,E 81 St & 3 Ave,3277.0,3250.0,27.0,6527.0
892,E 81 St & Park Ave,2660.0,2646.0,14.0,5306.0
893,E 81 St & York Ave,2912.0,2879.0,33.0,5791.0
894,E 82 St & East End Ave,2387.0,2388.0,-1.0,4775.0
895,E 84 St & 1 Ave,4318.0,4347.0,-29.0,8665.0
896,E 84 St & Park Ave,3849.0,3854.0,-5.0,7703.0
897,E 85 St & 3 Ave,6155.0,6198.0,-43.0,12353.0
898,E 85 St & York Ave,2463.0,2385.0,78.0,4848.0
899,E 88 St & 1 Ave,3841.0,3866.0,-25.0,7707.0
900,E 88 St & Park Ave,3716.0,3722.0,-6.0,7438.0
901,E 89 St & 3 Ave,3508.0,3521.0,-13.0,7029.0
902,E 89 St & York Ave,3485.0,3497.0,-12.0,6982.0
903,E 9 St & 5 Ave,4400.0,4430.0,-30.0,8830.0
904,E 9 St & Avenue C,3638.0,3657.0,-19.0,7295.0
905,E 91 St & 2 Ave,4180.0,4227.0,-47.0,8407.0
906,E 93 St & 2 Ave,2146.0,2164.0,-18.0,4310.0
907,E 95 St & 3 Ave,2161.0,2194.0,-33.0,4355.0
908,E 97 St & 3 Ave,1435.0,1464.0,-29.0,2899.0
909,E 97 St & Madison Ave,3276.0,3318.0,-42.0,6594.0
910,E 98 St & Park Ave,1125.0,1144.0,-19.0,2269.0
911,E Burnside Ave & Ryer Ave,1467.0,1484.0,-17.0,2951.0
912,E Fordham Rd & Webster Ave,1674.0,1701.0,-27.0,3375.0
913,E Houston St & Columbia St,3174.0,3191.0,-17.0,6365.0
914,E Mosholu Pkwy & E 204 St,163.0,169.0,-6.0,332.0
915,E Mosholu Pkwy & Van Cortlandt Ave E,280.0,286.0,-6.0,566.0
916,E New York Ave & Troy Ave,287.0,294.0,-7.0,581.0
917,E Tremont Ave & E 176 St,877.0,873.0,4.0,1750.0
918,E Tremont Ave & Jerome Ave,485.0,484.0,1.0,969.0
919,Eagle St & Manhattan Ave,1824.0,1873.0,-49.0,3697.0
920,East End Ave & E 86 St,1792.0,1814.0,-22.0,3606.0
921,Eastern Pkwy & Brooklyn Ave,994.0,1007.0,-13.0,2001.0
922,Eastern Pkwy & Franklin Ave,3252.0,3225.0,27.0,6477.0
923,Eastern Pkwy & Kingston Ave,2452.0,2322.0,130.0,4774.0
924,Eastern Pkwy & Nostrand Ave,1081.0,886.0,195.0,1967.0
925,Eastern Pkwy & Ralph Ave,123.0,127.0,-4.0,250.0
926,Eastern Pkwy & Rochester Ave,358.0,366.0,-8.0,724.0
927,Eastern Pkwy & Schenectady Ave,659.0,620.0,39.0,1279.0
928,Eastern Pkwy & Troy Ave,457.0,470.0,-13.0,927.0
929,Eastern Pkwy & Washington Ave,2052.0,1977.0,75.0,4029.0
930,Edgecombe Ave & W 141 St,1238.0,1260.0,-22.0,2498.0
931,Edgecombe Ave & W 145 St,1217.0,1228.0,-11.0,2445.0
932,Edgecombe Ave & W 150 St,425.0,429.0,-4.0,854.0
933,Edgecombe Ave & W 167 St,728.0,677.0,51.0,1405.0
934,Eldert St & Bushwick Ave,555.0,552.0,3.0,1107.0
935,Eliot Ave & 60 Ln,198.0,202.0,-4.0,400.0
936,Emerson Pl & Myrtle Ave,2852.0,2851.0,1.0,5703.0
937,Empire Blvd & New York Ave,376.0,386.0,-10.0,762.0
938,Engert Ave & McGuinness Blvd,1099.0,1099.0,0.0,2198.0
939,Essex Light Rail,1.0,1.0,0.0,2.0
940,Evergreen Ave & Noll St,1191.0,1204.0,-13.0,2395.0
941,Exchange Pl,3.0,5.0,-2.0,8.0
942,FDR Drive & E 35 St,6127.0,6158.0,-31.0,12285.0
943,Faile St & Garrison Ave,273.0,273.0,0.0,546.0
944,Fairmount Ave,2.0,3.0,-1.0,5.0
945,Fairview Ave & Linden St,573.0,577.0,-4.0,1150.0
946,Featherbed Ln & Jerome Ave,381.0,407.0,-26.0,788.0
947,Featherbed Ln & Nelson Ave,420.0,418.0,2.0,838.0
948,Flatbush Ave & Eastern Pkwy,532.0,543.0,-11.0,1075.0
949,Flatbush Ave & Fenimore St,763.0,759.0,4.0,1522.0
950,Flatbush Ave & Lincoln Rd,1218.0,1298.0,-80.0,2516.0
951,Flatbush Ave & Ocean Ave,1969.0,1914.0,55.0,3883.0
952,Flushing Ave & Vanderbilt Ave,2666.0,2757.0,-91.0,5423.0
953,Flushing Ave & Woodward Ave,618.0,620.0,-2.0,1238.0
954,Forest Ave & Summerfield St,379.0,389.0,-10.0,768.0
955,Forsyth St & Broome St,3846.0,4043.0,-197.0,7889.0
956,Forsyth St & Canal St,4414.0,4439.0,-25.0,8853.0
957,Forsyth St & Grand St,6345.0,6376.0,-31.0,12721.0
958,Fort Washington Ave & W 173 St,777.0,771.0,6.0,1548.0
959,Fort Washington Ave & W 183 St,733.0,487.0,246.0,1220.0
960,Franklin Ave & E 169 St,868.0,876.0,-8.0,1744.0
961,Franklin Ave & Myrtle Ave,999.0,1005.0,-6.0,2004.0
962,Franklin Ave & St Marks Ave,2055.0,1990.0,65.0,4045.0
963,Franklin St & Dupont St,4009.0,4000.0,9.0,8009.0
964,Franklin St & W Broadway,2312.0,2341.0,-29.0,4653.0
965,Frederick Douglass Blvd & Harlem River Dr,593.0,606.0,-13.0,1199.0
966,Frederick Douglass Blvd & W 112 St,4396.0,4439.0,-43.0,8835.0
967,Frederick Douglass Blvd & W 115 St,3211.0,3246.0,-35.0,6457.0
968,Frederick Douglass Blvd & W 117 St,4556.0,4593.0,-37.0,9149.0
969,Frederick Douglass Blvd & W 129 St,1319.0,1345.0,-26.0,2664.0
970,Frederick Douglass Blvd & W 139 St,1009.0,1032.0,-23.0,2041.0
971,Frederick Douglass Blvd & W 145 St,1251.0,1263.0,-12.0,2514.0
972,Freeman St & Reverend James A Polite Ave,159.0,158.0,1.0,317.0
973,Freeman St & Southern Blvd,478.0,486.0,-8.0,964.0
974,Fresh Pond Rd & 69 Ave,383.0,368.0,15.0,751.0
975,Fresh Pond Rd & Eliot Ave,307.0,313.0,-6.0,620.0
976,Fresh Pond Rd & Flushing Ave,80.0,91.0,-11.0,171.0
977,Front St & Gold St,1248.0,1250.0,-2.0,2498.0
978,Front St & Jay St,2957.0,2963.0,-6.0,5920.0
979,Frost St & Debevoise Ave,318.0,319.0,-1.0,637.0
980,Frost St & Meeker Ave,1263.0,1269.0,-6.0,2532.0
981,Ft. Hamilton Pkwy & E 2 St,589.0,589.0,0.0,1178.0
982,Ft. Hamilton Pkwy & E 5 St,504.0,503.0,1.0,1007.0
983,Ft. Washington Ave & W 190 St,296.0,230.0,66.0,526.0
984,Fulton Ave & E 168 St,543.0,525.0,18.0,1068.0
985,Fulton Ave & E 172 St,704.0,726.0,-22.0,1430.0
986,Fulton Ave & St. Paul's Pl,681.0,693.0,-12.0,1374.0
987,Fulton St & Adams St,4214.0,4238.0,-24.0,8452.0
988,Fulton St & Broadway,4714.0,4710.0,4.0,9424.0
989,Fulton St & Clermont Ave,1874.0,1878.0,-4.0,3752.0
990,Fulton St & Irving Pl,1956.0,1970.0,-14.0,3926.0
991,Fulton St & Saratoga Ave,168.0,168.0,0.0,336.0
992,Fulton St & Utica Ave,790.0,803.0,-13.0,1593.0
993,Fulton St & Waverly Ave,2991.0,2996.0,-5.0,5987.0
994,Fulton St & William St,3287.0,3325.0,-38.0,6612.0
995,Fulton St & Williams Ave,273.0,273.0,0.0,546.0
996,Gansevoort St & Hudson St,3299.0,3327.0,-28.0,6626.0
997,Garfield Pl & 8 Ave,2354.0,2370.0,-16.0,4724.0
998,Garrison Ave & Manida St,296.0,269.0,27.0,565.0
999,George St & Wilson Ave,1028.0,1030.0,-2.0,2058.0
1000,Gerard Ave & E 146 St,536.0,528.0,8.0,1064.0
1001,Gerard Ave & E 164 St,448.0,455.0,-7.0,903.0
1002,Gerard Ave & E 165 St,549.0,542.0,7.0,1091.0
1003,Gerard Ave & McClellan St,532.0,524.0,8.0,1056.0
1004,Goble Pl & Macombs Rd,1498.0,1535.0,-37.0,3033.0
1005,Goulden Ave & Bedford Park Blvd W,169.0,177.0,-8.0,346.0
1006,Goulden Ave & W 197 St,407.0,423.0,-16.0,830.0
1007,Goulden Ave & W 205 St,395.0,406.0,-11.0,801.0
1008,Graham Ave & Conselyea St,3435.0,3445.0,-10.0,6880.0
1009,Graham Ave & Grand St,2788.0,2788.0,0.0,5576.0
1010,Graham Ave & Herbert St,974.0,967.0,7.0,1941.0
1011,Graham Ave & Withers St,1817.0,1813.0,4.0,3630.0
1012,Gramercy Park N & Gramercy Park E,4205.0,4229.0,-24.0,8434.0
1013,Grand Army Plaza & Central Park S,6518.0,6415.0,103.0,12933.0
1014,Grand Army Plaza & Plaza St West,3150.0,3156.0,-6.0,6306.0
1015,Grand Ave & 55 St,124.0,125.0,-1.0,249.0
1016,Grand Ave & 58 Ave,49.0,54.0,-5.0,103.0
1017,Grand Ave & Bergen St,1864.0,1848.0,16.0,3712.0
1018,Grand Ave & Remsen Pl,198.0,204.0,-6.0,402.0
1019,Grand Ave & W 181 St,627.0,640.0,-13.0,1267.0
1020,Grand Ave & W Fordham Rd,223.0,221.0,2.0,444.0
1021,Grand Concourse & E 144 St,934.0,918.0,16.0,1852.0
1022,Grand Concourse & E 156 St,597.0,584.0,13.0,1181.0
1023,Grand Concourse & E 161 St,2028.0,2077.0,-49.0,4105.0
1024,Grand Concourse & E 164 St,1648.0,1683.0,-35.0,3331.0
1025,Grand Concourse & E 166 St,1443.0,1407.0,36.0,2850.0
1026,Grand Concourse & E 167 St,1391.0,1241.0,150.0,2632.0
1027,Grand Concourse & E 171 St,814.0,774.0,40.0,1588.0
1028,Grand Concourse & E 175 St,319.0,291.0,28.0,610.0
1029,Grand Concourse & E 192 St,429.0,432.0,-3.0,861.0
1030,Grand Concourse & E 196 St,577.0,552.0,25.0,1129.0
1031,Grand Concourse & E 197 St,338.0,334.0,4.0,672.0
1032,Grand Concourse & E 199 St,238.0,233.0,5.0,471.0
1033,Grand Concourse & E 203 St,328.0,258.0,70.0,586.0
1034,Grand Concourse & E 205 St,300.0,299.0,1.0,599.0
1035,Grand Concourse & E Mosholu Pkwy S,203.0,183.0,20.0,386.0
1036,Grand Concourse & East Mount Eden Ave,850.0,863.0,-13.0,1713.0
1037,Grand St,2.0,4.0,-2.0,6.0
1038,Grand St & Elizabeth St,7625.0,7635.0,-10.0,15260.0
1039,Grand St & Greene St,3149.0,3160.0,-11.0,6309.0
1040,Grand St & Havemeyer St,3184.0,3192.0,-8.0,6376.0
1041,Grand St & Samuel Dickstein Plaza,3903.0,3832.0,71.0,7735.0
1042,Great Jones St,7217.0,7246.0,-29.0,14463.0
1043,Green St & McGuinness Blvd,480.0,503.0,-23.0,983.0
1044,Greene Av & Myrtle Av,1108.0,1125.0,-17.0,2233.0
1045,Greene Ave & Grandview Ave,494.0,453.0,41.0,947.0
1046,Greene Ave & Nostrand Ave,1870.0,1885.0,-15.0,3755.0
1047,Greene Ave & Throop Ave,1756.0,1767.0,-11.0,3523.0
1048,Greene St & Prince St,3252.0,3356.0,-104.0,6608.0
1049,Greenpoint Ave & 47 St,638.0,643.0,-5.0,1281.0
1050,Greenpoint Ave & Manhattan Ave,2985.0,2992.0,-7.0,5977.0
1051,Greenpoint Ave & Monitor St,392.0,388.0,4.0,780.0
1052,Greenpoint Ave & West St,2158.0,2176.0,-18.0,4334.0
1053,Greenwich Ave & 8 Ave,7744.0,7779.0,-35.0,15523.0
1054,Greenwich Ave & Charles St,4193.0,4284.0,-91.0,8477.0
1055,Greenwich St & Hubert St,4336.0,4419.0,-83.0,8755.0
1056,Greenwich St & Perry St,4244.0,4225.0,19.0,8469.0
1057,Greenwich St & Rector St,1600.0,1635.0,-35.0,3235.0
1058,Greenwich St & W Houston St,5723.0,5776.0,-53.0,11499.0
1059,Greenwood Ave & E 4 St,302.0,313.0,-11.0,615.0
1060,Grove St & Broadway,1472.0,1484.0,-12.0,2956.0
1061,Grove St & Fresh Pond Rd,313.0,316.0,-3.0,629.0
1062,Halsey St & Broadway,572.0,515.0,57.0,1087.0
1063,Halsey St & Evergreen Ave,372.0,374.0,-2.0,746.0
1064,Halsey St & Ralph Ave,424.0,424.0,0.0,848.0
1065,Halsey St & Tompkins Ave,2104.0,2135.0,-31.0,4239.0
1066,Hamilton Park,1.0,1.0,0.0,2.0
1067,Hamilton Pl & W 140 St,945.0,843.0,102.0,1788.0
1068,Hancock St & Bedford Ave,1648.0,1674.0,-26.0,3322.0
1069,Hancock St & Malcolm X Blvd,944.0,948.0,-4.0,1892.0
1070,Hancock St & Stuyvesant Ave,729.0,748.0,-19.0,1477.0
1071,Hancock St & Wyckoff Ave,525.0,524.0,1.0,1049.0
1072,Hanson Pl & Ashland Pl,5568.0,5606.0,-38.0,11174.0
1073,Harborside,1.0,7.0,-6.0,8.0
1074,Harlem River Dr & W 155 St,454.0,450.0,4.0,904.0
1075,Harman St & Seneca Ave,542.0,529.0,13.0,1071.0
1076,Harrison Pl & Porter Ave,524.0,522.0,2.0,1046.0
1077,Harrison St & Hudson St,2101.0,2137.0,-36.0,4238.0
1078,Hart St & Wyckoff Ave,738.0,760.0,-22.0,1498.0
1079,Hazen St & 20 Ave,264.0,268.0,-4.0,532.0
1080,Henry St & Atlantic Ave,2640.0,2643.0,-3.0,5283.0
1081,Henry St & Bay St,341.0,392.0,-51.0,733.0
1082,Henry St & Degraw St,2076.0,2092.0,-16.0,4168.0
1083,Henry St & Grand St,5750.0,5771.0,-21.0,11521.0
1084,Henry St & Middagh St,1548.0,1524.0,24.0,3072.0
1085,Henry St & Remsen St,1727.0,1739.0,-12.0,3466.0
1086,Henry St & W 9 St,238.0,231.0,7.0,469.0
1087,Herkimer St & Eastern Pkwy,150.0,151.0,-1.0,301.0
1088,Herkimer St & New York Ave,681.0,636.0,45.0,1317.0
1089,Hicks St & Montague St,2748.0,2743.0,5.0,5491.0
1090,Hilltop,1.0,,,
1091,Hoboken Terminal - River St & Hudson Pl,1.0,5.0,-4.0,6.0
1092,Hoe Ave & Jennings St,301.0,284.0,17.0,585.0
1093,Home St & Westchester Ave,825.0,848.0,-23.0,1673.0
1094,Hope St & Union Ave,3737.0,3758.0,-21.0,7495.0
1095,Howard St & Lafayette St,3645.0,3666.0,-21.0,7311.0
1096,Hoyt St & Warren St,396.0,406.0,-10.0,802.0
1097,Hudson Blvd W & W 36 St,1765.0,1718.0,47.0,3483.0
1098,Hudson St & Reade St,3862.0,3837.0,25.0,7699.0
1099,Hudson St & W 13 St,5863.0,5882.0,-19.0,11745.0
1100,Humboldt St & Varet St,911.0,958.0,-47.0,1869.0
1101,Hunts Point Ave & Bryant Ave,395.0,413.0,-18.0,808.0
1102,Huron St & Franklin St,3015.0,2999.0,16.0,6014.0
1103,Icahn Stadium,1107.0,1111.0,-4.0,2218.0
1104,India St & Manhattan Ave,2944.0,2966.0,-22.0,5910.0
1105,India St Pier,1741.0,1761.0,-20.0,3502.0
1106,Intervale Ave & Kelly St,307.0,322.0,-15.0,629.0
1107,Intervale Ave & Westchester Ave,387.0,387.0,0.0,774.0
1108,Inwood Ave & W 170 St,438.0,447.0,-9.0,885.0
1109,Irving Ave & DeKalb Ave,1099.0,1131.0,-32.0,2230.0
1110,Irving Ave & Halsey St,735.0,743.0,-8.0,1478.0
1111,Irving Ave & Harman St,1046.0,1055.0,-9.0,2101.0
1112,Irving Ave & Jefferson St,1185.0,1185.0,0.0,2370.0
1113,Irving Ave & Palmetto St,700.0,705.0,-5.0,1405.0
1114,Isham St & Broadway,624.0,647.0,-23.0,1271.0
1115,Jackson Ave & 46 Rd,2623.0,2617.0,6.0,5240.0
1116,Jackson St & Leonard St,977.0,974.0,3.0,1951.0
1117,Jay St & York St,3413.0,3684.0,-271.0,7097.0
1118,Jefferson Ave & Evergreen Ave,794.0,779.0,15.0,1573.0
1119,Jefferson Ave & Patchen Ave,486.0,438.0,48.0,924.0
1120,Jefferson St & Cypress Ave,991.0,1012.0,-21.0,2003.0
1121,Jerome Ave & Anderson Ave,302.0,309.0,-7.0,611.0
1122,Jerome Ave & Bedford Park Blvd E,545.0,546.0,-1.0,1091.0
1123,Jerome Ave & E 164 St,680.0,696.0,-16.0,1376.0
1124,Jerome Ave & E 181 St,295.0,303.0,-8.0,598.0
1125,Jerome Ave & E 198 St,165.0,167.0,-2.0,332.0
1126,Jerome Ave & E Mosholu Parkway S,797.0,828.0,-31.0,1625.0
1127,Jerome Ave & Ogden Ave,258.0,266.0,-8.0,524.0
1128,Jerome Ave & W 177 St,254.0,263.0,-9.0,517.0
1129,Jerome Ave & W 184 St,149.0,142.0,7.0,291.0
1130,Jerome Ave & W 193 St,649.0,657.0,-8.0,1306.0
1131,Jerome Ave & W 195 St,416.0,397.0,19.0,813.0
1132,Jerome Ave & W Fordham Rd,660.0,654.0,6.0,1314.0
1133,John St & William St,2887.0,2891.0,-4.0,5778.0
1134,Johnson St & Brooklyn Bridge Blvd,1333.0,1291.0,42.0,2624.0
1135,Johnson St & Gold St,1810.0,1800.0,10.0,3610.0
1136,Kane St & Clinton St,1717.0,1705.0,12.0,3422.0
1137,Keegan Rd & 2 Ave,42.0,45.0,-3.0,87.0
1138,Kenmare St & Elizabeth St,3260.0,3282.0,-22.0,6542.0
1139,Kent Ave & Division Ave,1800.0,1817.0,-17.0,3617.0
1140,Kent Ave & Grand St,3786.0,3791.0,-5.0,7577.0
1141,Kent Ave & N 7 St,4585.0,4649.0,-64.0,9234.0
1142,Kent St & McGuinness Blvd,574.0,581.0,-7.0,1155.0
1143,King St & Varick St,3768.0,3782.0,-14.0,7550.0
1144,Kingsland Ave & Nassau Ave,2041.0,2033.0,8.0,4074.0
1145,Kingston Ave & Carroll St,788.0,724.0,64.0,1512.0
1146,Kingston Ave & Herkimer St,838.0,842.0,-4.0,1680.0
1147,Kingston Ave & Montgomery St,780.0,788.0,-8.0,1568.0
1148,Kingston Ave & Park Pl,863.0,746.0,117.0,1609.0
1149,Knickerbocker Ave & George St,1209.0,1220.0,-11.0,2429.0
1150,Knickerbocker Ave & Halsey St,605.0,611.0,-6.0,1216.0
1151,Knickerbocker Ave & Hancock St,610.0,541.0,69.0,1151.0
1152,Knickerbocker Ave & Moffat St,313.0,324.0,-11.0,637.0
1153,Knickerbocker Ave & Thames St,1109.0,1117.0,-8.0,2226.0
1154,Kosciuszko St & Nostrand Ave,1694.0,1704.0,-10.0,3398.0
1155,Kosciuszko St & Tompkins Ave,2064.0,2075.0,-11.0,4139.0
1156,LaGuardia Pl & W 3 St,5057.0,5156.0,-99.0,10213.0
1157,Lab - NYC,3.0,3.0,0.0,6.0
1158,Lab - NYC - Monolith,1.0,1.0,0.0,2.0
1159,Lafayette Ave & Classon Ave,2482.0,2506.0,-24.0,4988.0
1160,Lafayette Ave & Ft Greene Pl,4106.0,4130.0,-24.0,8236.0
1161,Lafayette Ave & Hunts Point Ave,653.0,637.0,16.0,1290.0
1162,Lafayette Ave & St James Pl,2176.0,2195.0,-19.0,4371.0
1163,Lafayette Ave & Stuyvesant Ave,652.0,655.0,-3.0,1307.0
1164,Lafayette Park,1.0,1.0,0.0,2.0
1165,Lafayette St & E 8 St,8275.0,8413.0,-138.0,16688.0
1166,Lafayette St & Grand St,3972.0,3969.0,3.0,7941.0
1167,Lafayette St & Jersey St,7352.0,7382.0,-30.0,14734.0
1168,Laight St & Hudson St,1144.0,1205.0,-61.0,2349.0
1169,Lawrence St & Willoughby St,3468.0,3480.0,-12.0,6948.0
1170,Lefferts Ave & Schenectady Ave,437.0,458.0,-21.0,895.0
1171,Lefferts Pl & Franklin Ave,1562.0,1581.0,-19.0,3143.0
1172,Lenox Ave & W 111 St,3577.0,3624.0,-47.0,7201.0
1173,Lenox Ave & W 115 St,2282.0,2316.0,-34.0,4598.0
1174,Lenox Ave & W 117 St,2492.0,2530.0,-38.0,5022.0
1175,Lenox Ave & W 126 St,3532.0,3598.0,-66.0,7130.0
1176,Lenox Ave & W 130 St,1556.0,1574.0,-18.0,3130.0
1177,Lenox Ave & W 133 St,1241.0,1260.0,-19.0,2501.0
1178,Lenox Ave & W 140 St,1475.0,1493.0,-18.0,2968.0
1179,Lenox Ave & W 144 St,1189.0,1222.0,-33.0,2411.0
1180,Lenox Ave & W 146 St,539.0,548.0,-9.0,1087.0
1181,Lenox Rd & E 43 St,3.0,5.0,-2.0,8.0
1182,Leonard St & Boerum St,1129.0,1135.0,-6.0,2264.0
1183,Leonard St & Church St,3205.0,3197.0,8.0,6402.0
1184,Leonard St & Maujer St,1964.0,1977.0,-13.0,3941.0
1185,Leonard St & Nassau Ave,2013.0,2101.0,-88.0,4114.0
1186,Lewis Ave & Decatur St,539.0,554.0,-15.0,1093.0
1187,Lewis Ave & Fulton St,217.0,235.0,-18.0,452.0
1188,Lewis Ave & Greene Ave,930.0,946.0,-16.0,1876.0
1189,Lewis Ave & Kosciuszko St,1067.0,1066.0,1.0,2133.0
1190,Lewis Ave & Madison St,1302.0,1304.0,-2.0,2606.0
1191,Lexington Ave & Classon Ave,2348.0,2363.0,-15.0,4711.0
1192,Lexington Ave & E 111 St,2717.0,2747.0,-30.0,5464.0
1193,Lexington Ave & E 120 St,1300.0,1305.0,-5.0,2605.0
1194,Lexington Ave & E 127 St,724.0,760.0,-36.0,1484.0
1195,Lexington Ave & E 128 St,548.0,540.0,8.0,1088.0
1196,Lexington Ave & E 24 St,5339.0,5357.0,-18.0,10696.0
1197,Lexington Ave & E 26 St,3360.0,3183.0,177.0,6543.0
1198,Lexington Ave & E 29 St,4586.0,4574.0,12.0,9160.0
1199,Lexington Ave & E 36 St,4462.0,4506.0,-44.0,8968.0
1200,Lexington Ave & Stuyvesant Ave,661.0,669.0,-8.0,1330.0
1201,Liberty St & Broadway,4141.0,4172.0,-31.0,8313.0
1202,Lincoln Ave & E 134 St,573.0,582.0,-9.0,1155.0
1203,Lincoln Ave & E 138 St,1368.0,1345.0,23.0,2713.0
1204,Lincoln Pl & Classon Ave,1264.0,1247.0,17.0,2511.0
1205,Lincoln Pl & Nostrand Ave,1082.0,1068.0,14.0,2150.0
1206,Lincoln Rd & Ocean Ave,2156.0,2160.0,-4.0,4316.0
1207,Linden Blvd & Nostrand Ave,135.0,159.0,-24.0,294.0
1208,Linden St & Knickerbocker Ave,516.0,530.0,-14.0,1046.0
1209,Lispenard St & Broadway,4041.0,4099.0,-58.0,8140.0
1210,Little West St & 1 Pl,5207.0,5216.0,-9.0,10423.0
1211,Longfellow Ave & Aldus St,570.0,574.0,-4.0,1144.0
1212,Longfellow Ave & E 165 St,316.0,304.0,12.0,620.0
1213,Longwood Ave & Southern Blvd,455.0,472.0,-17.0,927.0
1214,Lorimer St & Broadway,715.0,720.0,-5.0,1435.0
1215,Loring Pl North & W 183 St,360.0,362.0,-2.0,722.0
1216,Louis Nine Blvd & Intervale Ave,366.0,368.0,-2.0,734.0
1217,MacDonough St & Malcolm X Blvd,479.0,460.0,19.0,939.0
1218,MacDonough St & Marcy Ave,996.0,993.0,3.0,1989.0
1219,MacDougal St & Prince St,5200.0,5252.0,-52.0,10452.0
1220,MacDougal St & Rockaway Ave,197.0,191.0,6.0,388.0
1221,MacDougal St & Washington Sq,3613.0,3635.0,-22.0,7248.0
1222,Macombs Pl & W 152 St,1073.0,1107.0,-34.0,2180.0
1223,Macombs Rd & Featherbed Ln,501.0,519.0,-18.0,1020.0
1224,Macombs Rd & W 175 St,365.0,372.0,-7.0,737.0
1225,Macon St & Howard Ave,466.0,416.0,50.0,882.0
1226,Macon St & Lewis Ave,844.0,865.0,-21.0,1709.0
1227,Macon St & Nostrand Ave,2021.0,2038.0,-17.0,4059.0
1228,Macon St & Patchen Ave,534.0,551.0,-17.0,1085.0
1229,Madison Av & E 51 St,3429.0,3306.0,123.0,6735.0
1230,Madison Ave & E 120 St,1550.0,1581.0,-31.0,3131.0
1231,Madison Ave & E 26 St,5791.0,5825.0,-34.0,11616.0
1232,Madison Ave & E 82 St,885.0,891.0,-6.0,1776.0
1233,Madison Ave & E 99 St,2292.0,2313.0,-21.0,4605.0
1234,Madison St & 1 St,1.0,1.0,0.0,2.0
1235,Madison St & Clinton St,1927.0,1932.0,-5.0,3859.0
1236,Madison St & Cypress Ave,632.0,624.0,8.0,1256.0
1237,Madison St & Evergreen Ave,678.0,695.0,-17.0,1373.0
1238,Madison St & Forest Ave,673.0,568.0,105.0,1241.0
1239,Madison St & Malcolm X Blvd,646.0,642.0,4.0,1288.0
1240,Madison St & Montgomery St,2324.0,2317.0,7.0,4641.0
1241,Madison St & Seneca Ave,541.0,523.0,18.0,1064.0
1242,Madison St & Woodward Ave,626.0,613.0,13.0,1239.0
1243,Maiden Ln & Pearl St,2470.0,2493.0,-23.0,4963.0
1244,Main St & Plymouth St,3113.0,3159.0,-46.0,6272.0
1245,Malcolm X Blvd & DeKalb Ave,849.0,816.0,33.0,1665.0
1246,Manhattan Av & Leonard St,898.0,900.0,-2.0,1798.0
1247,Manhattan Ave & Devoe St,1332.0,1322.0,10.0,2654.0
1248,Maple St & Albany Ave,404.0,402.0,2.0,806.0
1249,Maple St & Flatbush Ave,964.0,959.0,5.0,1923.0
1250,Maple St & New York Ave,465.0,466.0,-1.0,931.0
1251,Marcus Garvey Blvd & Macon St,1193.0,1191.0,2.0,2384.0
1252,Marcy Ave & Lafayette Ave,1784.0,1801.0,-17.0,3585.0
1253,Margaret Corbin Plz & Ft Washington Ave,430.0,431.0,-1.0,861.0
1254,Marion Ave & Mosholu Pkwy,506.0,530.0,-24.0,1036.0
1255,Market St & Cherry St,2100.0,2099.0,1.0,4199.0
1256,Market St & Henry St,3498.0,3498.0,0.0,6996.0
1257,Marshall St & 2 St,1.0,2.0,-1.0,3.0
1258,Maurice Ave & 53 Dr,84.0,108.0,-24.0,192.0
1259,McDonald Ave & Vanderbilt St,261.0,265.0,-4.0,526.0
1260,McGinley Square,1.0,4.0,-3.0,5.0
1261,McGuinness Blvd & Eagle St,1546.0,1551.0,-5.0,3097.0
1262,McKibbin St & Bogart St,1703.0,1723.0,-20.0,3426.0
1263,McKibbin St & Manhattan Ave,1514.0,1509.0,5.0,3023.0
1264,Melrose Ave & E 150 St,2006.0,2056.0,-50.0,4062.0
1265,Melrose Ave & E 154 St,615.0,631.0,-16.0,1246.0
1266,Melrose St & Broadway,1819.0,1842.0,-23.0,3661.0
1267,Menahan St & Central Ave,681.0,694.0,-13.0,1375.0
1268,Menahan St & Onderdonk Ave,812.0,578.0,234.0,1390.0
1269,Menahan St & Seneca Ave,631.0,621.0,10.0,1252.0
1270,Menahan St & Wyckoff Ave,610.0,616.0,-6.0,1226.0
1271,Mercer St & Bleecker St,4934.0,4958.0,-24.0,9892.0
1272,Mercer St & Spring St,4416.0,4473.0,-57.0,8889.0
1273,Meserole Ave & Manhattan Ave,3372.0,3397.0,-25.0,6769.0
1274,Metropolitan Ave & 65 Ln,238.0,254.0,-16.0,492.0
1275,Metropolitan Ave & Bedford Ave,6084.0,6116.0,-32.0,12200.0
1276,Metropolitan Ave & Flushing Ave,508.0,470.0,38.0,978.0
1277,Metropolitan Ave & Meeker Ave,2945.0,2948.0,-3.0,5893.0
1278,Metropolitan Ave & Stewart Ave,497.0,498.0,-1.0,995.0
1279,Metropolitan Ave & Vandervoort Ave,308.0,311.0,-3.0,619.0
1280,Midwood St & Kingston Ave,444.0,450.0,-6.0,894.0
1281,Midwood St & Utica Ave,157.0,150.0,7.0,307.0
1282,Milton St & Franklin St,2717.0,2722.0,-5.0,5439.0
1283,Moffat St & Bushwick,397.0,397.0,0.0,794.0
1284,Monitor St & Meeker Ave,986.0,972.0,14.0,1958.0
1285,Monroe St & Bedford Ave,2759.0,2762.0,-3.0,5521.0
1286,Monroe St & Classon Ave,1054.0,1063.0,-9.0,2117.0
1287,Monroe St & Marcus Garvey Blvd,819.0,836.0,-17.0,1655.0
1288,Monroe St & Patchen Ave,833.0,838.0,-5.0,1671.0
1289,Monroe St & Tompkins Ave,2263.0,2276.0,-13.0,4539.0
1290,Montague St & Clinton St,2456.0,2479.0,-23.0,4935.0
1291,Montgomery St & Franklin Ave,617.0,622.0,-5.0,1239.0
1292,Montrose Ave & Bushwick Ave,3051.0,3073.0,-22.0,6124.0
1293,Morgan Ave & Lombardy St,1188.0,1181.0,7.0,2369.0
1294,Morgan Ave & Maspeth Ave,509.0,526.0,-17.0,1035.0
1295,Morgan Bike Mechanics,3.0,58.0,-55.0,61.0
1296,Morgan Warehouse Monolith,3.0,3.0,0.0,6.0
1297,Morningside Ave & W 123 St,1572.0,1604.0,-32.0,3176.0
1298,Morningside Dr & Amsterdam Ave,739.0,744.0,-5.0,1483.0
1299,Morris Ave & E 142 St,706.0,728.0,-22.0,1434.0
1300,Morris Ave & E 153 St,726.0,742.0,-16.0,1468.0
1301,Morris Ave & E 163 St,1889.0,1915.0,-26.0,3804.0
1302,Morris Ave & E 171 St,542.0,556.0,-14.0,1098.0
1303,Morris Ave & E 184 St,342.0,345.0,-3.0,687.0
1304,Morris Ave & E Burnside Ave,362.0,370.0,-8.0,732.0
1305,Morris Ave & McClellan St,993.0,1026.0,-33.0,2019.0
1306,Morton St & Washington St,3352.0,3353.0,-1.0,6705.0
1307,Motorgate,1838.0,1828.0,10.0,3666.0
1308,Mott St & Prince St,5871.0,5915.0,-44.0,11786.0
1309,Mount Eden Pkwy & Eastburn Ave,584.0,604.0,-20.0,1188.0
1310,Mt Morris Park W & W 120 St,1949.0,1984.0,-35.0,3933.0
1311,Murray St & Greenwich St,3852.0,3911.0,-59.0,7763.0
1312,Murray St & West St,3629.0,3623.0,6.0,7252.0
1313,Myrtle Ave & 65 St,359.0,369.0,-10.0,728.0
1314,Myrtle Ave & Fleet Pl,1969.0,1975.0,-6.0,3944.0
1315,Myrtle Ave & Grove St,354.0,365.0,-11.0,719.0
1316,Myrtle Ave & Lewis Ave,1613.0,1622.0,-9.0,3235.0
1317,Myrtle Ave & Linden St,459.0,343.0,116.0,802.0
1318,Myrtle Ave & Marcy Ave,1309.0,1305.0,4.0,2614.0
1319,Myrtle Ave & St Edwards St,1359.0,1359.0,0.0,2718.0
1320,N 10 St & Berry St,1988.0,2117.0,-129.0,4105.0
1321,N 11 St & Kent Ave,1288.0,1308.0,-20.0,2596.0
1322,N 12 St & Bedford Ave,3590.0,3574.0,16.0,7164.0
1323,N 15 St & Wythe Ave,1235.0,1251.0,-16.0,2486.0
1324,N 5 St & Northside Piers,3663.0,3669.0,-6.0,7332.0
1325,N 5 St & Wythe Ave,2422.0,2478.0,-56.0,4900.0
1326,N 6 St & Bedford Ave,5615.0,5644.0,-29.0,11259.0
1327,N 7 St & Driggs Ave,3744.0,3799.0,-55.0,7543.0
1328,N 9 St & Wythe Ave,1437.0,1579.0,-142.0,3016.0
1329,N Henry St & Norman Ave,774.0,763.0,11.0,1537.0
1330,N Moore St & Hudson St,2796.0,2894.0,-98.0,5690.0
1331,Nagle Ave & Ellwood St,423.0,443.0,-20.0,866.0
1332,Nagle Ave & Thayer St,576.0,616.0,-40.0,1192.0
1333,Nassau Ave & Newell St,1960.0,1965.0,-5.0,3925.0
1334,Nassau Ave & Russell St,2592.0,2566.0,26.0,5158.0
1335,Nassau St & Duffield St,1325.0,1350.0,-25.0,2675.0
1336,Nassau St & Navy St,1097.0,1120.0,-23.0,2217.0
1337,Nelson Ave & 167 St,756.0,752.0,4.0,1508.0
1338,Nelson Ave & W 172 St,1017.0,1015.0,2.0,2032.0
1339,Nevins St & Schermerhorn St,2094.0,2091.0,3.0,4185.0
1340,New York Ave & Hawthorne St,371.0,372.0,-1.0,743.0
1341,New York Ave & Montgomery St,317.0,331.0,-14.0,648.0
1342,New York Ave & St Marks Ave,771.0,722.0,49.0,1493.0
1343,Newark Ave,2.0,4.0,-2.0,6.0
1344,Newport PATH,1.0,5.0,-4.0,6.0
1345,Newport Pkwy,1.0,3.0,-2.0,4.0
1346,Newton Rd & 44 St,924.0,941.0,-17.0,1865.0
1347,Newtown Ave & 23 St,1565.0,1584.0,-19.0,3149.0
1348,Norfolk St & Broome St,7694.0,7738.0,-44.0,15432.0
1349,Norman Ave & Leonard St,1798.0,1787.0,11.0,3585.0
1350,Norman St & Wyckoff Ave,805.0,807.0,-2.0,1612.0
1351,North Moore St & Greenwich St,7616.0,7648.0,-32.0,15264.0
1352,Nostrand Ave & Myrtle Ave,1235.0,1239.0,-4.0,2474.0
1353,Nostrand Ave & Rutland Rd,451.0,448.0,3.0,899.0
1354,Oakland Ave,2.0,,,
1355,Ocean Pkwy & Church Ave,896.0,897.0,-1.0,1793.0
1356,Ogden Ave & Merriam Ave,508.0,483.0,25.0,991.0
1357,Ogden Ave & W 164 St,414.0,401.0,13.0,815.0
1358,Ogden Ave & W 165 St,602.0,604.0,-2.0,1206.0
1359,Old Broadway & W 133 St,235.0,254.0,-19.0,489.0
1360,Old Fulton St,2201.0,2219.0,-18.0,4420.0
1361,Old Slip & South St,3625.0,3660.0,-35.0,7285.0
1362,Onderdonk Ave & Dekalb Ave,587.0,540.0,47.0,1127.0
1363,Onderdonk Ave & Gates Ave,564.0,538.0,26.0,1102.0
1364,Orchard St & Grand St,4650.0,4667.0,-17.0,9317.0
1365,Pacific St & Classon Ave,935.0,942.0,-7.0,1877.0
1366,Pacific St & Nevins St,1483.0,1476.0,7.0,2959.0
1367,Pacific St & Nostrand Ave,1266.0,1274.0,-8.0,2540.0
1368,Pacific St & Ralph Ave,156.0,158.0,-2.0,314.0
1369,Pacific St & Rochester Ave,120.0,128.0,-8.0,248.0
1370,Pacific St & Sackman St,79.0,74.0,5.0,153.0
1371,Pacific St & Smith St,1656.0,1683.0,-27.0,3339.0
1372,Pacific St & Thomas S. Boyland St,155.0,151.0,4.0,306.0
1373,Pacific St & Troy Ave,344.0,348.0,-4.0,692.0
1374,Pacific St & Utica Ave,309.0,315.0,-6.0,624.0
1375,Page Pl & Grand Ave,95.0,102.0,-7.0,197.0
1376,Palmetto St & Traffic Ave,192.0,187.0,5.0,379.0
1377,Parade Pl & Crooke Ave,1863.0,1864.0,-1.0,3727.0
1378,Park Ave & E 124 St,3988.0,3988.0,0.0,7976.0
1379,Park Ave & E 162 St,867.0,866.0,1.0,1733.0
1380,Park Ave & Marcus Garvey Blvd,1092.0,1096.0,-4.0,2188.0
1381,Park Ave & St Edwards St,732.0,702.0,30.0,1434.0
1382,Park Cir & East Dr,2207.0,2215.0,-8.0,4422.0
1383,Park Pl & Buffalo Ave,114.0,113.0,1.0,227.0
1384,Park Pl & Church St,2417.0,2469.0,-52.0,4886.0
1385,Park Pl & Franklin Ave,1866.0,1883.0,-17.0,3749.0
1386,Park Pl & Thomas S. Boyland St,241.0,248.0,-7.0,489.0
1387,Park Pl & Utica Ave,234.0,244.0,-10.0,478.0
1388,Parkside Ave & Flatbush Ave,1422.0,1419.0,3.0,2841.0
1389,Parkside Ave & Ocean Ave,515.0,539.0,-24.0,1054.0
1390,Parkside Ave & Parade Pl,163.0,183.0,-20.0,346.0
1391,Patchen Ave & Bainbridge St,290.0,303.0,-13.0,593.0
1392,Paul Ave & Mosholu Pkwy,528.0,521.0,7.0,1049.0
1393,Paul Ave & W 205 St,263.0,277.0,-14.0,540.0
1394,Pearl St & Hanover Square,2493.0,2494.0,-1.0,4987.0
1395,Pearl St & York St,897.0,1034.0,-137.0,1931.0
1396,Peck Slip & South St,3434.0,3454.0,-20.0,6888.0
1397,Perry St & Bleecker St,5152.0,5158.0,-6.0,10310.0
1398,Perry St & Greenwich Ave,3765.0,3810.0,-45.0,7575.0
1399,Pershing Field,2.0,1.0,1.0,3.0
1400,Picnic Point,804.0,816.0,-12.0,1620.0
1401,Pier 40 - Hudson River Park,8464.0,8509.0,-45.0,16973.0
1402,Pier 40 X2,4.0,65.0,-61.0,69.0
1403,Pierrepont St & Monroe Pl,1369.0,1363.0,6.0,2732.0
1404,Pike St & E Broadway,3522.0,3575.0,-53.0,7097.0
1405,Pike St & Monroe St,2108.0,2111.0,-3.0,4219.0
1406,Pinehurst Ave & W 187 St,438.0,447.0,-9.0,885.0
1407,Pioneer St & Richards St,274.0,354.0,-80.0,628.0
1408,Pioneer St & Van Brunt St,1198.0,1239.0,-41.0,2437.0
1409,Pitt St & Stanton St,1326.0,1323.0,3.0,2649.0
1410,Plaza Dr & W 170 St,1515.0,1536.0,-21.0,3051.0
1411,Plaza St East & Flatbush Ave,4009.0,3780.0,229.0,7789.0
1412,Plaza St West & Flatbush Ave,3264.0,3291.0,-27.0,6555.0
1413,Pleasant Ave & E 116 St,2980.0,3004.0,-24.0,5984.0
1414,Pleasant Ave & E 120 St,1386.0,1397.0,-11.0,2783.0
1415,Popham Ave & W 174 St,533.0,532.0,1.0,1065.0
1416,Powers St & Olive St,1072.0,1091.0,-19.0,2163.0
1417,President St & 4 Ave,2184.0,2190.0,-6.0,4374.0
1418,President St & Henry St,1279.0,1282.0,-3.0,2561.0
1419,President St & Nostrand Ave,677.0,652.0,25.0,1329.0
1420,Prospect Ave & E 151 St,549.0,547.0,2.0,1096.0
1421,Prospect Ave & E 167 St,626.0,620.0,6.0,1246.0
1422,Prospect Ave & Greenwood Ave,403.0,409.0,-6.0,812.0
1423,Prospect Ave & Jennings St,330.0,318.0,12.0,648.0
1424,Prospect Ave & Longwood Ave,302.0,244.0,58.0,546.0
1425,Prospect Ave & Vanderbilt St,333.0,334.0,-1.0,667.0
1426,Prospect Park SW & 10 Ave,1122.0,1126.0,-4.0,2248.0
1427,Prospect Park SW & 16 St,1384.0,1416.0,-32.0,2800.0
1428,Prospect Park SW & Greenwood Ave,1096.0,1096.0,0.0,2192.0
1429,Prospect Park SW & Vanderbilt St,1067.0,1075.0,-8.0,2142.0
1430,Prospect Park W & 20 St,496.0,502.0,-6.0,998.0
1431,Prospect Park West & 8 St,3063.0,3082.0,-19.0,6145.0
1432,Prospect Pl & 6 Ave,1709.0,1714.0,-5.0,3423.0
1433,Prospect Pl & Howard Ave,173.0,172.0,1.0,345.0
1434,Prospect Pl & Nostrand Ave,1227.0,1220.0,7.0,2447.0
1435,Prospect Pl & Underhill Ave,2080.0,2082.0,-2.0,4162.0
1436,Pulaski St & Marcus Garvey Blvd,1352.0,1359.0,-7.0,2711.0
1437,Putnam Ave & Knickerbocker Ave,590.0,591.0,-1.0,1181.0
1438,Putnam Ave & Nostrand Ave,1226.0,1227.0,-1.0,2453.0
1439,Putnam Ave & Ralph Ave,740.0,749.0,-9.0,1489.0
1440,Putnam Ave & Throop Ave,1641.0,1654.0,-13.0,3295.0
1441,Putnam Ave & Wyckoff Ave,568.0,570.0,-2.0,1138.0
1442,Queens Blvd & 56 St,289.0,277.0,12.0,566.0
1443,Queens Plaza North & Crescent St,4781.0,4843.0,-62.0,9624.0
1444,Railroad Ave & Kay Ave,109.0,110.0,-1.0,219.0
1445,Ralph Ave & Fulton St,401.0,392.0,9.0,793.0
1446,Reade St & Broadway,2790.0,2808.0,-18.0,5598.0
1447,Richards St & Delavan St,477.0,488.0,-11.0,965.0
1448,Richardson St & N Henry St,1356.0,1339.0,17.0,2695.0
1449,River Ave & E 151 St,1258.0,1290.0,-32.0,2548.0
1450,River Ave & E 153 St,623.0,639.0,-16.0,1262.0
1451,River Ave & McClellan St,843.0,848.0,-5.0,1691.0
1452,River Ter & Warren St,4538.0,4551.0,-13.0,9089.0
1453,Riverside Blvd & W 67 St,6456.0,6470.0,-14.0,12926.0
1454,Riverside Dr & Broadway,796.0,806.0,-10.0,1602.0
1455,Riverside Dr & W 104 St,3456.0,3480.0,-24.0,6936.0
1456,Riverside Dr & W 138 St,1028.0,1020.0,8.0,2048.0
1457,Riverside Dr & W 145 St,835.0,841.0,-6.0,1676.0
1458,Riverside Dr & W 148 St,565.0,577.0,-12.0,1142.0
1459,Riverside Dr & W 153 St,922.0,918.0,4.0,1840.0
1460,Riverside Dr & W 72 St,4874.0,4936.0,-62.0,9810.0
1461,Riverside Dr & W 78 St,2025.0,2031.0,-6.0,4056.0
1462,Riverside Dr & W 82 St,2285.0,2307.0,-22.0,4592.0
1463,Riverside Dr & W 91 St,2686.0,2688.0,-2.0,5374.0
1464,Rivington St & Chrystie St,4339.0,4457.0,-118.0,8796.0
1465,Rivington St & Ridge St,4803.0,4778.0,25.0,9581.0
1466,Rockaway Ave & Bainbridge St,758.0,782.0,-24.0,1540.0
1467,Roebling St & N 4 St,2580.0,2580.0,0.0,5160.0
1468,Rogers Ave & Lenox Rd,73.0,96.0,-23.0,169.0
1469,Rogers Ave & Lincoln Rd,770.0,772.0,-2.0,1542.0
1470,Rogers Ave & Sterling St,647.0,654.0,-7.0,1301.0
1471,Rogers Pl & E 165 St,362.0,366.0,-4.0,728.0
1472,Roosevelt Island Tramway,2287.0,2287.0,0.0,4574.0
1473,Rutgers St & Henry St,2529.0,2600.0,-71.0,5129.0
1474,Rutland Rd & E 45 St,238.0,274.0,-36.0,512.0
1475,Ryer Ave & E 182 St,356.0,353.0,3.0,709.0
1476,S 2 St & Kent Ave,1675.0,1679.0,-4.0,3354.0
1477,S 3 St & Bedford Ave,4641.0,4688.0,-47.0,9329.0
1478,S 4 St & Rodney St,2640.0,2647.0,-7.0,5287.0
1479,S 4 St & Roebling St,3954.0,3968.0,-14.0,7922.0
1480,S 4 St & Wythe Ave,4739.0,4773.0,-34.0,9512.0
1481,S 5 Pl & S 5 St,3644.0,4024.0,-380.0,7668.0
1482,S Portland Ave & Hanson Pl,2476.0,2494.0,-18.0,4970.0
1483,Sands St & Jay St,2496.0,2774.0,-278.0,5270.0
1484,Sands St Gate,1599.0,1647.0,-48.0,3246.0
1485,Schenectady Ave & Maple St,147.0,153.0,-6.0,300.0
1486,Schenectady Ave & Pacific St,350.0,351.0,-1.0,701.0
1487,Schenectady Ave & President St,414.0,403.0,11.0,817.0
1488,Schenectady Ave & Prospect Pl,376.0,380.0,-4.0,756.0
1489,Schermerhorn St & Court St,2149.0,2126.0,23.0,4275.0
1490,Schermerhorn St & Hoyt St,4084.0,4087.0,-3.0,8171.0
1491,Scholes St & Lorimer St,1267.0,1253.0,14.0,2520.0
1492,Scholes St & Manhattan Ave,3087.0,3082.0,5.0,6169.0
1493,Seaman Ave & Beak St,574.0,604.0,-30.0,1178.0
1494,Seaman Ave & Isham St,685.0,700.0,-15.0,1385.0
1495,Sedgwick Ave & Hall of Fame Tce,67.0,65.0,2.0,132.0
1496,Sedgwick Ave & W Burnside Ave,249.0,265.0,-16.0,514.0
1497,Sedgwick Ave & W Tremont Ave,410.0,416.0,-6.0,826.0
1498,Seneca Ave & Decatur St,88.0,78.0,10.0,166.0
1499,Seneca Ave & Irvine St,253.0,259.0,-6.0,512.0
1500,Shakespeare Ave & W 169 St,957.0,980.0,-23.0,1937.0
1501,Sharon St & Olive St,1445.0,1452.0,-7.0,2897.0
1502,Sheridan Ave & E 168 St,1194.0,1172.0,22.0,2366.0
1503,Sheridan Ave & E 172 St,690.0,677.0,13.0,1367.0
1504,Sherman Ave & E 166 St,1117.0,1135.0,-18.0,2252.0
1505,Sherman Ave & Thayer St,391.0,374.0,17.0,765.0
1506,Shore Blvd & Astoria Park,1401.0,1376.0,25.0,2777.0
1507,Sigourney St & Columbia St,581.0,589.0,-8.0,1170.0
1508,Skillman Ave & 43 Ave,801.0,806.0,-5.0,1607.0
1509,Skillman Ave & 54 St,313.0,315.0,-2.0,628.0
1510,Skillman Ave & Honeywell St,239.0,254.0,-15.0,493.0
1511,Smith St & 3 St,1741.0,1744.0,-3.0,3485.0
1512,Smith St & 9 St,1629.0,1635.0,-6.0,3264.0
1513,Soissons Landing,1734.0,1748.0,-14.0,3482.0
1514,Somers St & Broadway,200.0,136.0,64.0,336.0
1515,Somers St & Rockaway Ave,242.0,249.0,-7.0,491.0
1516,South End Ave & Albany St,2910.0,2908.0,2.0,5818.0
1517,South St & Broad St,261.0,275.0,-14.0,536.0
1518,South St & Gouverneur Ln,4010.0,4005.0,5.0,8015.0
1519,South St & Pike St,2462.0,2467.0,-5.0,4929.0
1520,South St & Whitehall St,3291.0,3303.0,-12.0,6594.0
1521,South Waterfront Walkway - Sinatra Dr & 1 St,2.0,2.0,0.0,4.0
1522,Southern Blvd & Avenue St. John,359.0,378.0,-19.0,737.0
1523,Southern Blvd & E 142 St,157.0,164.0,-7.0,321.0
1524,Southern Blvd & E 149 St,762.0,769.0,-7.0,1531.0
1525,Southern Blvd & E 172 St,305.0,294.0,11.0,599.0
1526,Southern Blvd & E 174 St,929.0,935.0,-6.0,1864.0
1527,Southern Blvd & E 175 St,969.0,988.0,-19.0,1957.0
1528,Southern Blvd & Tiffany St,415.0,423.0,-8.0,838.0
1529,Southpoint Park,1157.0,1162.0,-5.0,2319.0
1530,Spring St & Hudson St,5081.0,5098.0,-17.0,10179.0
1531,Spruce St & Gold St,1802.0,1829.0,-27.0,3631.0
1532,Spruce St & Nassau St,3021.0,3080.0,-59.0,6101.0
1533,St Ann's Ave & Westchester Ave,611.0,623.0,-12.0,1234.0
1534,St Felix Ave & 61 St,547.0,547.0,0.0,1094.0
1535,St James Pl & Oliver St,3176.0,3177.0,-1.0,6353.0
1536,St James Pl & Pearl St,1471.0,1468.0,3.0,2939.0
1537,St Johns Pl & Howard Ave,132.0,148.0,-16.0,280.0
1538,St Johns Pl & Utica Ave,358.0,337.0,21.0,695.0
1539,St Johns Pl & Washington Ave,2338.0,2357.0,-19.0,4695.0
1540,St Marks Ave & Ralph Ave,156.0,141.0,15.0,297.0
1541,St Marks Ave & Rochester Ave,196.0,207.0,-11.0,403.0
1542,St Marks Ave & Thomas S. Boyland St,93.0,99.0,-6.0,192.0
1543,St Marks Pl & 1 Ave,5206.0,5273.0,-67.0,10479.0
1544,St Marks Pl & 2 Ave,5998.0,6115.0,-117.0,12113.0
1545,St Marks Pl & 4 Ave,1566.0,1576.0,-10.0,3142.0
1546,St Mary's St & Jackson Ave,865.0,868.0,-3.0,1733.0
1547,St Nicholas Ave & Manhattan Ave,3732.0,3772.0,-40.0,7504.0
1548,St Nicholas Ave & W 134 St,1565.0,1578.0,-13.0,3143.0
1549,St Nicholas Ave & W 137 St,1018.0,1042.0,-24.0,2060.0
1550,St Nicholas Ave & W 150 St,850.0,772.0,78.0,1622.0
1551,St. Ann's Av & Bruckner Blvd,430.0,454.0,-24.0,884.0
1552,St. Ann's Ave & E 144 St,594.0,613.0,-19.0,1207.0
1553,St. Johns Pl & Kingston Ave,813.0,772.0,41.0,1585.0
1554,St. Nicholas Ave & W 126 St,3410.0,3439.0,-29.0,6849.0
1555,St. Nicholas Ave & W 155 St,679.0,585.0,94.0,1264.0
1556,St. Nicholas Ave & W 157 St,498.0,481.0,17.0,979.0
1557,St. Nicholas Terrace & Convent Ave,690.0,703.0,-13.0,1393.0
1558,Stagg St & Morgan Ave,949.0,947.0,2.0,1896.0
1559,Stagg St & Union Ave,2760.0,2751.0,9.0,5511.0
1560,Stanhope St & Fairview Ave,624.0,548.0,76.0,1172.0
1561,Stanton St & Chrystie St,5044.0,5090.0,-46.0,10134.0
1562,Stanton St & Mangin St,1524.0,1530.0,-6.0,3054.0
1563,Stanton St & Norfolk St,4683.0,4693.0,-10.0,9376.0
1564,State St & Smith St,1882.0,1866.0,16.0,3748.0
1565,Steinway St & 19 Ave,308.0,318.0,-10.0,626.0
1566,Steinway St & 21 Ave,1042.0,1066.0,-24.0,2108.0
1567,Steinway St & 23 Ave,844.0,844.0,0.0,1688.0
1568,Steinway St & 28 Ave,1786.0,1764.0,22.0,3550.0
1569,Steinway St & Broadway,2571.0,2596.0,-25.0,5167.0
1570,Steinway St & Ditmars Blvd,850.0,854.0,-4.0,1704.0
1571,Stephen St & Seneca Ave,157.0,139.0,18.0,296.0
1572,Sterling Pl & 5 Ave,1739.0,1745.0,-6.0,3484.0
1573,Sterling Pl & Bedford Ave,1331.0,1342.0,-11.0,2673.0
1574,Sterling Pl & New York Ave,877.0,878.0,-1.0,1755.0
1575,Sterling Pl & Ralph Ave,112.0,101.0,11.0,213.0
1576,Sterling Pl & Rochester Ave,173.0,146.0,27.0,319.0
1577,Sterling Pl & Schenectady Ave,309.0,266.0,43.0,575.0
1578,Sterling St & Bedford Ave,593.0,597.0,-4.0,1190.0
1579,Sterling St & Nostrand Ave,895.0,883.0,12.0,1778.0
1580,Stewart Ave & Johnson Ave,684.0,685.0,-1.0,1369.0
1581,Stockholm St & Wilson Ave,1506.0,1516.0,-10.0,3022.0
1582,Stuyvesant Ave & Gates Ave,535.0,473.0,62.0,1008.0
1583,Stuyvesant Ave & Hart St,645.0,629.0,16.0,1274.0
1584,Stuyvesant Walk & 1 Av Loop,556.0,590.0,-34.0,1146.0
1585,Suffolk St & Stanton St,6498.0,6493.0,5.0,12991.0
1586,Sullivan Pl & Bedford Ave,456.0,461.0,-5.0,917.0
1587,Sullivan St & Washington Sq,4766.0,4816.0,-50.0,9582.0
1588,Summerfield St & Cypress Ave,232.0,189.0,43.0,421.0
1589,Sumpter St & Fulton St,155.0,157.0,-2.0,312.0
1590,Sunken Meadow Comfort Station,781.0,761.0,20.0,1542.0
1591,Suydam St & Broadway,1512.0,1514.0,-2.0,3026.0
1592,Suydam St & Knickerbocker Ave,1712.0,1720.0,-8.0,3432.0
1593,Suydam St & St. Nicholas Ave,563.0,569.0,-6.0,1132.0
1594,Thomas S. Boyland St & Fulton St,379.0,265.0,114.0,644.0
1595,Thomas S. Boyland St & Macon St,231.0,231.0,0.0,462.0
1596,Thomas S. Boyland St & Marion St,397.0,398.0,-1.0,795.0
1597,Thompson St & Bleecker St,5435.0,5463.0,-28.0,10898.0
1598,Throop Ave & Myrtle Ave,940.0,950.0,-10.0,1890.0
1599,Tiebout Ave & E 184 St,522.0,528.0,-6.0,1050.0
1600,Tiebout Ave & E Fordham Road,826.0,854.0,-28.0,1680.0
1601,Tinton Ave & E 165 St,722.0,734.0,-12.0,1456.0
1602,Tompkins Ave & Hopkins St,1072.0,1081.0,-9.0,2153.0
1603,Townsend Ave & E 175 St,470.0,469.0,1.0,939.0
1604,Troy Ave & Linden Blvd,1.0,3.0,-2.0,4.0
1605,Troy Ave & Park Pl,334.0,327.0,7.0,661.0
1606,Tyler Ave & Maurice Ave,191.0,186.0,5.0,377.0
1607,Underhill Ave & Lincoln Pl,1802.0,1823.0,-21.0,3625.0
1608,Underhill Ave & Pacific St,2168.0,2173.0,-5.0,4341.0
1609,Union Ave & E 169 St,341.0,346.0,-5.0,687.0
1610,Union Ave & Jackson St,1426.0,1421.0,5.0,2847.0
1611,Union Ave & N 12 St,2944.0,2943.0,1.0,5887.0
1612,Union Ave & Wallabout St,975.0,974.0,1.0,1949.0
1613,Union St & 4 Ave,2123.0,2309.0,-186.0,4432.0
1614,Union St & Bedford Ave,1166.0,1170.0,-4.0,2336.0
1615,University Ave & Brandt Pl,316.0,296.0,20.0,612.0
1616,University Ave & Macombs Rd,421.0,399.0,22.0,820.0
1617,University Ave & W 168 St,260.0,267.0,-7.0,527.0
1618,University Ave & W Burnside Ave,303.0,271.0,32.0,574.0
1619,University Pl & E 14 St,10947.0,11115.0,-168.0,22062.0
1620,University Pl & E 8 St,4534.0,4530.0,4.0,9064.0
1621,Valentine Ave & E 181 St,491.0,499.0,-8.0,990.0
1622,Valentine Ave & E 183 St,254.0,257.0,-3.0,511.0
1623,Van Brunt St & Van Dyke St,1292.0,1291.0,1.0,2583.0
1624,Van Brunt St & Wolcott St,1310.0,1370.0,-60.0,2680.0
1625,Van Buren St & Broadway,705.0,706.0,-1.0,1411.0
1626,Van Dam St & Greenpoint Ave,440.0,422.0,18.0,862.0
1627,Van Dam St & Meeker Ave,440.0,439.0,1.0,879.0
1628,Van Sinderen Ave & Atlantic Ave,140.0,145.0,-5.0,285.0
1629,Van Sinderen Ave & Truxton St,429.0,434.0,-5.0,863.0
1630,Van Vorst Park,1.0,1.0,0.0,2.0
1631,Vernon Blvd & 10 St,1391.0,1430.0,-39.0,2821.0
1632,Vernon Blvd & 31 Ave,1564.0,1581.0,-17.0,3145.0
1633,Vernon Blvd & 41 Rd,716.0,720.0,-4.0,1436.0
1634,Vernon Blvd & 47 Rd,1433.0,1461.0,-28.0,2894.0
1635,Vernon Blvd & 50 Ave,3851.0,3791.0,60.0,7642.0
1636,Verona Pl & Fulton St,630.0,578.0,52.0,1208.0
1637,Vesey Pl & River Terrace,7610.0,7629.0,-19.0,15239.0
1638,Vesey St & Church St,6774.0,6803.0,-29.0,13577.0
1639,W 10 St & Washington St,3312.0,3331.0,-19.0,6643.0
1640,W 100 St & Broadway,4527.0,4537.0,-10.0,9064.0
1641,W 100 St & Manhattan Ave,3164.0,3152.0,12.0,6316.0
1642,W 104 St & Amsterdam Ave,2122.0,2121.0,1.0,4243.0
1643,W 106 St & Amsterdam Ave,2981.0,2744.0,237.0,5725.0
1644,W 106 St & Central Park West,3692.0,3696.0,-4.0,7388.0
1645,W 107 St & Columbus Ave,2234.0,2257.0,-23.0,4491.0
1646,W 11 St & 6 Ave,4365.0,4367.0,-2.0,8732.0
1647,W 110 St & Amsterdam Ave,2884.0,2884.0,0.0,5768.0
1648,W 111 St & 5 Ave,2552.0,2565.0,-13.0,5117.0
1649,W 113 St & Broadway,2445.0,2461.0,-16.0,4906.0
1650,W 116 St & Amsterdam Ave,1532.0,1549.0,-17.0,3081.0
1651,W 116 St & Broadway,2374.0,2151.0,223.0,4525.0
1652,W 12 St & Hudson St,4725.0,4735.0,-10.0,9460.0
1653,W 120 St & Claremont Ave,1635.0,1652.0,-17.0,3287.0
1654,W 129 St & Convent Ave,783.0,811.0,-28.0,1594.0
1655,W 13 St & 5 Ave,5659.0,5710.0,-51.0,11369.0
1656,W 13 St & 7 Ave,5646.0,5666.0,-20.0,11312.0
1657,W 133 St & 12 Ave,635.0,651.0,-16.0,1286.0
1658,W 135 St & Lenox Terrace Pl,1060.0,1083.0,-23.0,2143.0
1659,W 140 St & Riverside Dr,402.0,396.0,6.0,798.0
1660,W 144 St & Adam Clayton Powell Blvd,1121.0,1145.0,-24.0,2266.0
1661,W 145 St & Amsterdam Ave,995.0,1003.0,-8.0,1998.0
1662,W 146 St & Broadway,1219.0,948.0,271.0,2167.0
1663,W 147 St & Adam Clayton Powell Blvd,1016.0,1046.0,-30.0,2062.0
1664,W 148 St & Amsterdam Ave,773.0,769.0,4.0,1542.0
1665,W 15 St & 10 Ave,4711.0,4770.0,-59.0,9481.0
1666,W 15 St & 6 Ave,7921.0,7947.0,-26.0,15868.0
1667,W 15 St & 7 Ave,4606.0,4641.0,-35.0,9247.0
1668,W 155 St & Frederick Douglass Blvd,518.0,531.0,-13.0,1049.0
1669,W 159 St & Edgecombe Ave,309.0,314.0,-5.0,623.0
1670,W 16 St & The High Line,6484.0,6605.0,-121.0,13089.0
1671,W 160 St & St. Nicholas Ave,811.0,646.0,165.0,1457.0
1672,W 163 St & Edgecombe Ave,277.0,239.0,38.0,516.0
1673,W 163 St & Riverside Dr,396.0,418.0,-22.0,814.0
1674,W 165 St & Fort Washington Ave,548.0,523.0,25.0,1071.0
1675,W 168th S & Fort Washington Ave,1245.0,1128.0,117.0,2373.0
1676,W 17 St & 7 Ave,3246.0,3265.0,-19.0,6511.0
1677,W 17 St & 8 Ave,4647.0,4666.0,-19.0,9313.0
1678,W 170 St & University Ave,833.0,843.0,-10.0,1676.0
1679,W 171 St & St. Nicholas Ave,840.0,635.0,205.0,1475.0
1680,W 176 St & Montgomery Ave,415.0,429.0,-14.0,844.0
1681,W 18 St & 6 Ave,7477.0,7517.0,-40.0,14994.0
1682,W 180 St & Ft Washington Ave,1095.0,1031.0,64.0,2126.0
1683,W 181 St & Riverside Dr,890.0,913.0,-23.0,1803.0
1684,W 186 St & St. Nicholas Ave,545.0,445.0,100.0,990.0
1685,W 190 St & Broadway,428.0,441.0,-13.0,869.0
1686,W 190 St & St. Nicholas Ave,564.0,543.0,21.0,1107.0
1687,W 192 St & University Ave,369.0,376.0,-7.0,745.0
1688,W 20 St & 10 Ave,7987.0,8022.0,-35.0,16009.0
1689,W 20 St & 5 Ave,4042.0,4126.0,-84.0,8168.0
1690,W 20 St & 7 Ave,6141.0,6165.0,-24.0,12306.0
1691,W 20 St & 8 Ave,4697.0,4645.0,52.0,9342.0
1692,W 204 St & Nagle Ave,309.0,322.0,-13.0,631.0
1693,W 204 St & Vermilyea Ave,465.0,474.0,-9.0,939.0
1694,W 21 St & 6 Ave,13390.0,13434.0,-44.0,26824.0
1695,W 211 St & 10 Ave,135.0,146.0,-11.0,281.0
1696,W 218 St & Broadway,348.0,367.0,-19.0,715.0
1697,W 218 St & Indian Rd,280.0,284.0,-4.0,564.0
1698,W 22 St & 10 Ave,9267.0,9294.0,-27.0,18561.0
1699,W 22 St & 8 Ave,6166.0,6171.0,-5.0,12337.0
1700,W 225 St & Exterior St,698.0,721.0,-23.0,1419.0
1701,W 24 St & 7 Ave,6958.0,6988.0,-30.0,13946.0
1702,W 25 St & 6 Ave,4772.0,4790.0,-18.0,9562.0
1703,W 25 St & 8 Ave,2351.0,2292.0,59.0,4643.0
1704,W 25 St & 9 Ave,4999.0,5015.0,-16.0,10014.0
1705,W 26 St & 10 Ave,4113.0,4197.0,-84.0,8310.0
1706,W 27 St & 6 Ave,3693.0,3685.0,8.0,7378.0
1707,W 27 St & 7 Ave,7230.0,7259.0,-29.0,14489.0
1708,W 29 St & 9 Ave,4475.0,4515.0,-40.0,8990.0
1709,W 30 St & 10 Ave,9258.0,9264.0,-6.0,18522.0
1710,W 30 St & 8 Ave,4492.0,4473.0,19.0,8965.0
1711,W 31 St & 7 Ave,9854.0,9970.0,-116.0,19824.0
1712,W 33 St & 10 Ave,6283.0,6282.0,1.0,12565.0
1713,W 34 St & 11 Ave,5538.0,5595.0,-57.0,11133.0
1714,W 34 St & Hudson Blvd E,6895.0,6879.0,16.0,13774.0
1715,W 35 St & 8 Ave,3162.0,3169.0,-7.0,6331.0
1716,W 35 St & 9 Ave,3499.0,3509.0,-10.0,7008.0
1717,W 35 St & Dyer Ave,2177.0,1936.0,241.0,4113.0
1718,W 36 St & 7 Ave,3020.0,3022.0,-2.0,6042.0
1719,W 36 St & 9 Ave,2883.0,2858.0,25.0,5741.0
1720,W 37 St & 10 Ave,5513.0,5547.0,-34.0,11060.0
1721,W 37 St & 5 Ave,3686.0,3678.0,8.0,7364.0
1722,W 37 St & Broadway,1930.0,1452.0,478.0,3382.0
1723,W 4 St & 7 Ave S,5766.0,5828.0,-62.0,11594.0
1724,W 40 St & 7 Ave,2863.0,2827.0,36.0,5690.0
1725,W 41 St & 8 Ave,8986.0,8952.0,34.0,17938.0
1726,W 42 St & 6 Ave,6727.0,6800.0,-73.0,13527.0
1727,W 42 St & 8 Ave,5250.0,5268.0,-18.0,10518.0
1728,W 42 St & Dyer Ave,4084.0,4080.0,4.0,8164.0
1729,W 43 St & 10 Ave,8123.0,8161.0,-38.0,16284.0
1730,W 43 St & 6 Ave,2413.0,2262.0,151.0,4675.0
1731,W 44 St & 11 Ave,5993.0,6001.0,-8.0,11994.0
1732,W 44 St & 5 Ave,5177.0,5199.0,-22.0,10376.0
1733,W 45 St & 8 Ave,6205.0,6233.0,-28.0,12438.0
1734,W 46 St & 11 Ave,4086.0,4087.0,-1.0,8173.0
1735,W 47 St & 10 Ave,4502.0,5165.0,-663.0,9667.0
1736,W 47 St & 6 Ave,3461.0,3487.0,-26.0,6948.0
1737,W 47 St & 9 Ave,4428.0,4047.0,381.0,8475.0
1738,W 48 St &  Rockefeller Plaza,3229.0,3185.0,44.0,6414.0
1739,W 49 St & 8 Ave,6001.0,4546.0,1455.0,10547.0
1740,W 50 St & 10 Ave,4381.0,4323.0,58.0,8704.0
1741,W 50 St & 9 Ave,3888.0,3837.0,51.0,7725.0
1742,W 51 St & 6 Ave,4352.0,4389.0,-37.0,8741.0
1743,W 51 St & Rockefeller Plaza,3289.0,3311.0,-22.0,6600.0
1744,W 52 St & 11 Ave,1194.0,1190.0,4.0,2384.0
1745,W 52 St & 5 Ave,886.0,879.0,7.0,1765.0
1746,W 52 St & 6 Ave,4129.0,4058.0,71.0,8187.0
1747,W 53 St & 10 Ave,5015.0,5000.0,15.0,10015.0
1748,W 54 St & 11 Ave,7771.0,7748.0,23.0,15519.0
1749,W 54 St & 6 Ave,1715.0,1707.0,8.0,3422.0
1750,W 54 St & 9 Ave,5010.0,5148.0,-138.0,10158.0
1751,W 55 St & 6 Ave,4604.0,4560.0,44.0,9164.0
1752,W 56 St & 10 Ave,4294.0,4196.0,98.0,8490.0
1753,W 56 St & 6 Ave,4508.0,4465.0,43.0,8973.0
1754,W 56 St & 8 Ave,5378.0,5149.0,229.0,10527.0
1755,W 59 St & 10 Ave,5740.0,5859.0,-119.0,11599.0
1756,W 63 St & Broadway,2881.0,2823.0,58.0,5704.0
1757,W 64 St & Thelonious Monk Circle,4934.0,4968.0,-34.0,9902.0
1758,W 67 St & Broadway,6377.0,6379.0,-2.0,12756.0
1759,W 70 St & Amsterdam Ave,5319.0,5376.0,-57.0,10695.0
1760,W 76 St & Columbus Ave,4972.0,4869.0,103.0,9841.0
1761,W 78 St & Broadway,2187.0,1993.0,194.0,4180.0
1762,W 82 St & Central Park West,3389.0,3357.0,32.0,6746.0
1763,W 84 St & Broadway,3116.0,3115.0,1.0,6231.0
1764,W 84 St & Columbus Ave,4264.0,4199.0,65.0,8463.0
1765,W 87 St & Amsterdam Ave,3470.0,3375.0,95.0,6845.0
1766,W 87 St & West End Ave,3338.0,3313.0,25.0,6651.0
1767,W 89 St & Columbus Ave,3712.0,3649.0,63.0,7361.0
1768,W 90 St & Amsterdam Ave,2295.0,2240.0,55.0,4535.0
1769,W 92 St & Broadway,2852.0,2667.0,185.0,5519.0
1770,W 95 St & Broadway,3568.0,3579.0,-11.0,7147.0
1771,W Broadway & Spring St,3430.0,3587.0,-157.0,7017.0
1772,W Broadway & W Houston St,2892.0,3031.0,-139.0,5923.0
1773,W Burnside Ave & University Ave,519.0,506.0,13.0,1025.0
1774,W Fordham Rd & Loring Pl N,470.0,483.0,-13.0,953.0
1775,W Mosholu Pkwy S & Sedgwick Ave,408.0,426.0,-18.0,834.0
1776,W Tremont Ave & Grand Ave,229.0,244.0,-15.0,473.0
1777,W Tremont Ave & Matthewson Rd,522.0,533.0,-11.0,1055.0
1778,W Tremont Ave & Montgomery Ave,285.0,294.0,-9.0,579.0
1779,Wadsworth Ave & W 175 St,803.0,756.0,47.0,1559.0
1780,Wadsworth Ave & W 179 St,1200.0,1194.0,6.0,2394.0
1781,Wakeman Pl & Ridge Blvd,439.0,447.0,-8.0,886.0
1782,Wales Ave & E 147 St,721.0,737.0,-16.0,1458.0
1783,Walker St & Baxter St,3292.0,3299.0,-7.0,6591.0
1784,Walnut Ave & E 136 St,210.0,210.0,0.0,420.0
1785,Walton Ave & E 153 St,336.0,353.0,-17.0,689.0
1786,Walton Ave & E 168 St,1122.0,1149.0,-27.0,2271.0
1787,Walton Ave & E 171 St,1610.0,1635.0,-25.0,3245.0
1788,Walton Ave & E 176 St,547.0,514.0,33.0,1061.0
1789,Walton Ave & E 183 St,360.0,353.0,7.0,713.0
1790,Wards Meadow Comfort Station,1802.0,1800.0,2.0,3602.0
1791,Warren St & Court St,1539.0,1541.0,-2.0,3080.0
1792,Warren St & Smith St,1826.0,1949.0,-123.0,3775.0
1793,Warren St & W Broadway,3113.0,3203.0,-90.0,6316.0
1794,Washington Ave & E 163 St,1164.0,1193.0,-29.0,2357.0
1795,Washington Ave & E 167 St,555.0,554.0,1.0,1109.0
1796,Washington Ave & E 174 St,187.0,203.0,-16.0,390.0
1797,Washington Ave & Empire Blvd,739.0,734.0,5.0,1473.0
1798,Washington Ave & Greene Ave,1868.0,1872.0,-4.0,3740.0
1799,Washington Ave & Park Ave,2095.0,2092.0,3.0,4187.0
1800,Washington Park,2403.0,2400.0,3.0,4803.0
1801,Washington Pl & 6 Ave,4531.0,4561.0,-30.0,9092.0
1802,Washington Pl & Broadway,3706.0,3736.0,-30.0,7442.0
1803,Washington Square E,4203.0,4209.0,-6.0,8412.0
1804,Washington St & Barrow St,2920.0,2956.0,-36.0,5876.0
1805,Washington St & Gansevoort St,6921.0,6936.0,-15.0,13857.0
1806,Washington St & Laight St,2518.0,2564.0,-46.0,5082.0
1807,Water St &  Fletcher St,3050.0,3078.0,-28.0,6128.0
1808,Water St & Gouverneur Ln,2145.0,2181.0,-36.0,4326.0
1809,Waterbury St & Stagg St,1127.0,1119.0,8.0,2246.0
1810,Waterloo Pl & Crotona Park East,575.0,566.0,9.0,1141.0
1811,Watts St & Greenwich St,3196.0,3186.0,10.0,6382.0
1812,Webb Ave & W 190 St,205.0,197.0,8.0,402.0
1813,Webster Ave & E 166 St,390.0,401.0,-11.0,791.0
1814,Webster Ave & Ford St,465.0,453.0,12.0,918.0
1815,Weeks Ave & E 175 St,494.0,486.0,8.0,980.0
1816,West Broadway & Watts St,3116.0,3176.0,-60.0,6292.0
1817,West Drive & Prospect Park West,5472.0,5525.0,-53.0,10997.0
1818,West End Ave & W 107 St,2656.0,2483.0,173.0,5139.0
1819,West End Ave & W 60 St,7374.0,7380.0,-6.0,14754.0
1820,West End Ave & W 78 St,457.0,448.0,9.0,905.0
1821,West End Ave & W 94 St,2280.0,2287.0,-7.0,4567.0
1822,West Farms Rd & Boone Ave,207.0,210.0,-3.0,417.0
1823,West St & Chambers St,12058.0,12152.0,-94.0,24210.0
1824,West St & Liberty St,9455.0,9497.0,-42.0,18952.0
1825,West Thames St,3905.0,3887.0,18.0,7792.0
1826,Westchester Ave & E 156 St,540.0,552.0,-12.0,1092.0
1827,Westchester Ave & Jackson Ave,624.0,622.0,2.0,1246.0
1828,Westchester Ave & Longwood Ave,892.0,819.0,73.0,1711.0
1829,Westchester Ave & Southern Blvd,1151.0,1191.0,-40.0,2342.0
1830,White St & Johnson Ave,351.0,350.0,1.0,701.0
1831,White St & Moore St,1141.0,1143.0,-2.0,2284.0
1832,Whitehall St & Bridge St,1574.0,1585.0,-11.0,3159.0
1833,Wilkins Ave & Crotona Park E,1483.0,1493.0,-10.0,2976.0
1834,William St & Pine St,3226.0,3223.0,3.0,6449.0
1835,Willis Ave & Bruckner Blvd,682.0,698.0,-16.0,1380.0
1836,Willis Ave & E 137 St,995.0,1018.0,-23.0,2013.0
1837,Willis Ave & E 141 St,958.0,978.0,-20.0,1936.0
1838,Willis Ave & E 143 St,935.0,955.0,-20.0,1890.0
1839,Willoughby Ave & Hall St,2878.0,2888.0,-10.0,5766.0
1840,Willoughby Ave & Myrtle Ave,1897.0,1901.0,-4.0,3798.0
1841,Willoughby Ave & Onderdonk Ave,517.0,485.0,32.0,1002.0
1842,Willoughby Ave & Tompkins Ave,1763.0,1783.0,-20.0,3546.0
1843,Willoughby Ave & Walworth St,1592.0,1594.0,-2.0,3186.0
1844,Willoughby Ave & Wyckoff Ave,1431.0,1459.0,-28.0,2890.0
1845,Willoughby St & Ashland Pl,716.0,718.0,-2.0,1434.0
1846,Willoughby St & Fleet St,2740.0,2799.0,-59.0,5539.0
1847,Willow Ave & 12 St,2.0,3.0,-1.0,5.0
1848,Willow Ave & E 133 St,435.0,434.0,1.0,869.0
1849,Wilson Ave & Moffat St,417.0,477.0,-60.0,894.0
1850,Wilson Ave & Troutman St,1573.0,1595.0,-22.0,3168.0
1851,Windsor Pl & 8 Ave,713.0,718.0,-5.0,1431.0
1852,Windsor Pl & Howard Pl,1576.0,1536.0,40.0,3112.0
1853,Winthrop St & Nostrand Ave,459.0,503.0,-44.0,962.0
1854,Winthrop St & Rogers Ave,522.0,524.0,-2.0,1046.0
1855,Winthrop St & Schenectady Ave,68.0,69.0,-1.0,137.0
1856,Withers St & Kingsland Ave,645.0,645.0,0.0,1290.0
1857,Wolcott St & Dwight St,242.0,300.0,-58.0,542.0
1858,Woodside Ave & 55 St,314.0,316.0,-2.0,630.0
1859,Woodside Ave & 60 St,612.0,631.0,-19.0,1243.0
1860,Woodside Ave & 69 St,178.0,181.0,-3.0,359.0
1861,Woodward Ave & Harman St,652.0,495.0,157.0,1147.0
1862,Wyckoff Av & Jefferson St,1737.0,1760.0,-23.0,3497.0
1863,Wyckoff Av & Stanhope St,1860.0,1850.0,10.0,3710.0
1864,Wyckoff Ave & Cooper Ave,425.0,433.0,-8.0,858.0
1865,Wyckoff Ave & Gates Ave,2295.0,2203.0,92.0,4498.0
1866,Wyckoff St & 3 Ave,1158.0,1177.0,-19.0,2335.0
1867,Wythe Ave & Metropolitan Ave,4471.0,4512.0,-41.0,8983.0
1868,Wythe Ave & N 13 St,1494.0,1550.0,-56.0,3044.0
1869,Yankee Ferry Terminal,1763.0,1789.0,-26.0,3552.0
1870,14 St Ferry - 14 St & Shipyard Ln,,28.0,,
1871,190 Morgan,,1.0,,
1872,2 St & Park Ave,,4.0,,
1873,8 St & Washington St,,2.0,,
1874,9 St HBLR - Jackson St & 8 St,,3.0,,
1875,Bergen Ave,,1.0,,
1876,Bloomfield St & 15 St,,20.0,,
1877,Brunswick & 6th,,1.0,,
1878,Brunswick St,,2.0,,
1879,Clinton St & 7 St,,2.0,,
1880,Columbus Drive,,2.0,,
1881,Columbus Park - Clinton St & 9 St,,1.0,,
1882,Dey St,,6.0,,
1883,Grand St & 14 St,,2.0,,
1884,Grove St PATH,,5.0,,
1885,Hoboken Terminal - Hudson St & Hudson Pl,,1.0,,
1886,Hudson St & 4 St,,3.0,,
1887,JC Medical Center,,1.0,,
1888,Jersey & 3rd,,1.0,,
1889,Journal Square,,1.0,,
1890,Liberty Light Rail,,3.0,,
1891,Madison St & 10 St,,1.0,,
1892,Marin Light Rail,,8.0,,
1893,Montgomery St,,1.0,,
1894,Morgan Loading Docks,,99.0,,
1895,Morris Canal,,27.0,,
1896,Paulus Hook,,31.0,,
1897,Riverview Park,,2.0,,
1898,Stevens - River Ter & 6 St,,1.0,,
1899,Washington St,,1.0,,
